0,1,2,Acceptability
-2.242211862,1.64307545,1.90E-13,0
-2.150384705,1.549817762,1.90E-13,0
-2.301873514,1.703782271,1.90E-13,0
-2.210046357,1.610524583,1.90E-13,0
-2.1182192,1.517266895,1.90E-13,0
-2.269708009,1.671231404,1.90E-13,0
-2.177880852,1.577973716,1.90E-13,0
-2.086053695,1.484716028,1.90E-13,0
-0.542833561,2.437115732,1.89E-13,0
-0.451006404,2.343858045,1.90E-13,0
-0.359179247,2.250600357,1.90E-13,0
-0.510668056,2.404564865,1.89E-13,0
-0.418840899,2.311307178,1.90E-13,0
-0.327013742,2.21804949,1.90E-13,0
-0.478502551,2.372013998,1.89E-13,0
-0.386675394,2.278756311,1.90E-13,0
-0.294848238,2.185498623,1.90E-13,0
0.352769168,2.78750703,1.89E-13,0
0.444596325,2.694249342,1.89E-13,0
0.536423482,2.600991654,1.89E-13,0
0.384934673,2.754956163,1.89E-13,0
0.47676183,2.661698475,1.89E-13,0
0.568588986,2.568440787,1.89E-13,0
0.417100178,2.722405296,1.89E-13,0
0.508927335,2.629147608,1.89E-13,0
0.600754491,2.53588992,1.89E-13,0
-2.294110286,1.590285337,0.181176943,0
-2.202283129,1.497027649,0.181176943,0
-2.110455972,1.403769961,0.181176943,0
-2.261944781,1.55773447,0.181176943,0
-2.170117624,1.464476782,0.181176943,0
-2.078290467,1.371219094,0.181176943,0
-2.229779276,1.525183603,0.181176943,0
-2.137952119,1.431925915,0.181176943,0
-2.046124962,1.338668227,0.181176943,0
-0.502904828,2.291067932,0.181176943,0
-0.411077671,2.197810244,0.181176943,0
-0.319250514,2.104552556,0.181176943,0
-0.470739323,2.258517065,0.181176943,0
-0.378912166,2.165259377,0.181176943,0
-0.287085009,2.072001689,0.181176943,0
-0.438573818,2.225966198,0.181176943,0
-0.346746661,2.13270851,0.181176943,0
-0.254919505,2.039450822,0.181176943,0
0.392697901,2.641459229,0.181176943,0
0.484525058,2.548201541,0.181176943,0
0.576352215,2.454943853,0.181176943,0
0.424863406,2.608908362,0.181176943,0
0.516690563,2.515650674,0.181176943,0
0.608517719,2.422392986,0.181176943,0
0.457028911,2.576357495,0.181176943,0
0.548856068,2.483099807,0.181176943,0
0.640683224,2.389842119,0.181176943,0
-2.254181553,1.444237536,0.362353887,0
-2.162354396,1.350979848,0.362353887,0
-2.070527239,1.25772216,0.362353887,0
-2.222016048,1.411686669,0.362353887,0
-2.130188891,1.318428981,0.362353887,0
-2.038361734,1.225171293,0.362353887,0
-2.189850543,1.379135802,0.362353887,0
-2.098023386,1.285878114,0.362353887,0
-2.006196229,1.192620426,0.362353887,0
-0.462976095,2.145020131,0.362353887,0
-0.371148938,2.051762443,0.362353887,0
-0.279321781,1.958504755,0.362353887,0
-0.43081059,2.112469264,0.362353887,0
-0.338983433,2.019211576,0.362353887,0
-0.247156276,1.925953888,0.362353887,0
-0.398645085,2.079918397,0.362353887,0
-0.306817928,1.986660709,0.362353887,0
-0.214990772,1.893403021,0.362353887,0
0.432626634,2.495411428,0.362353887,0
0.524453791,2.40215374,0.362353887,0
0.616280948,2.308896053,0.362353887,0
0.464792139,2.462860561,0.362353887,0
0.556619296,2.369602873,0.362353887,0
0.648446453,2.276345186,0.362353887,0
0.496957644,2.430309694,0.362353887,0
0.588784801,2.337052006,0.362353887,0
0.680611957,2.243794319,0.362353887,0
-2.21425282,1.298189735,0.54353083,0
-2.122425663,1.204932047,0.54353083,0
-2.030598506,1.11167436,0.54353083,0
-2.182087315,1.265638868,0.54353083,0
-2.090260158,1.17238118,0.54353083,0
-1.998433001,1.079123493,0.54353083,0
-2.14992181,1.233088001,0.54353083,0
-2.058094653,1.139830313,0.54353083,0
-1.966267496,1.046572626,0.54353083,0
-0.423047362,1.99897233,0.54353083,0
-0.331220205,1.905714642,0.54353083,0
-0.239393048,1.812456954,0.54353083,0
-0.390881857,1.966421463,0.54353083,0
-0.2990547,1.873163775,0.54353083,0
-0.207227543,1.779906087,0.54353083,0
-0.358716352,1.933870596,0.54353083,0
-0.266889195,1.840612908,0.54353083,0
-0.175062038,1.74735522,0.54353083,0
0.472555367,2.349363627,0.54353083,0
0.564382524,2.25610594,0.54353083,0
0.656209681,2.162848252,0.54353083,0
0.504720872,2.31681276,0.54353083,0
0.596548029,2.223555073,0.54353083,0
0.688375186,2.130297385,0.54353083,0
0.536886377,2.284261893,0.54353083,0
0.628713534,2.191004206,0.54353083,0
0.72054069,2.097746518,0.54353083,0
-2.181989572,1.1738221,-0.780067396,0
-2.090162415,1.080564412,-0.780067396,0
-1.998335258,0.987306725,-0.780067396,0
-2.149824067,1.141271233,-0.780067396,0
-2.05799691,1.048013545,-0.780067396,0
-1.966169753,0.954755858,-0.780067396,0
-2.117658562,1.108720366,-0.780067396,0
-2.025831405,1.015462678,-0.780067396,0
-1.934004248,0.922204991,-0.780067396,0
-0.390784114,1.874604695,-0.780067396,0
-0.298956957,1.781347007,-0.780067396,0
-0.2071298,1.688089319,-0.780067396,0
-0.358618609,1.842053828,-0.780067396,0
-0.266791452,1.74879614,-0.780067396,0
-0.174964295,1.655538452,-0.780067396,0
-0.326453104,1.809502961,-0.780067396,0
-0.234625947,1.716245273,-0.780067396,0
-0.14279879,1.622987585,-0.780067396,0
0.504818615,2.224995992,-0.780067396,0
0.596645772,2.131738305,-0.780067396,0
0.688472929,2.038480617,-0.780067396,0
0.53698412,2.192445125,-0.780067396,0
0.628811277,2.099187438,-0.780067396,0
0.720638434,2.00592975,-0.780067396,0
0.569149625,2.159894258,-0.780067396,0
0.660976782,2.066636571,-0.780067396,0
0.752803939,1.973378883,-0.780067396,0
-2.142060839,1.027774299,-0.598890452,0
-2.050233682,0.934516612,-0.598890452,0
-1.958406525,0.841258924,-0.598890452,0
-2.109895334,0.995223432,-0.598890452,0
-2.018068177,0.901965745,-0.598890452,0
-1.92624102,0.808708057,-0.598890452,0
-2.077729829,0.962672565,-0.598890452,0
-1.985902672,0.869414878,-0.598890452,0
-1.894075515,0.77615719,-0.598890452,0
-0.350855381,1.728556894,-0.598890452,0
-0.259028224,1.635299206,-0.598890452,0
-0.167201067,1.542041519,-0.598890452,0
-0.318689876,1.696006027,-0.598890452,0
-0.226862719,1.602748339,-0.598890452,0
-0.135035562,1.509490652,-0.598890452,0
-0.286524371,1.66345516,-0.598890452,0
-0.194697214,1.570197472,-0.598890452,0
-0.102870057,1.476939785,-0.598890452,0
0.544747348,2.078948192,-0.598890452,0
0.636574505,1.985690504,-0.598890452,0
0.728401662,1.892432816,-0.598890452,0
0.576912853,2.046397325,-0.598890452,0
0.66874001,1.953139637,-0.598890452,0
0.760567167,1.859881949,-0.598890452,0
0.609078358,2.013846458,-0.598890452,0
0.700905515,1.92058877,-0.598890452,0
0.792732672,1.827331082,-0.598890452,0
-2.102132106,0.881726499,-0.417713509,0
-2.010304949,0.788468811,-0.417713509,0
-1.918477792,0.695211123,-0.417713509,0
-2.069966601,0.849175632,-0.417713509,0
-1.978139444,0.755917944,-0.417713509,0
-1.886312287,0.662660256,-0.417713509,0
-2.037801096,0.816624765,-0.417713509,0
-1.945973939,0.723367077,-0.417713509,0
-1.854146782,0.630109389,-0.417713509,0
-0.310926648,1.582509093,-0.417713509,0
-0.219099491,1.489251406,-0.417713509,0
-0.127272334,1.395993718,-0.417713509,0
-0.278761143,1.549958226,-0.417713509,0
-0.186933986,1.456700539,-0.417713509,0
-0.095106829,1.363442851,-0.417713509,0
-0.246595638,1.517407359,-0.417713509,0
-0.154768481,1.424149672,-0.417713509,0
-0.062941324,1.330891984,-0.417713509,0
0.584676081,1.932900391,-0.417713509,0
0.676503238,1.839642703,-0.417713509,0
0.768330395,1.746385015,-0.417713509,0
0.616841586,1.900349524,-0.417713509,0
0.708668743,1.807091836,-0.417713509,0
0.8004959,1.713834148,-0.417713509,0
0.649007091,1.867798657,-0.417713509,0
0.740834248,1.774540969,-0.417713509,0
0.832661405,1.681283281,-0.417713509,0
-2.062203373,0.735678698,-0.236536565,0
-1.970376216,0.64242101,-0.236536565,0
-1.878549059,0.549163322,-0.236536565,0
-2.030037868,0.703127831,-0.236536565,0
-1.938210711,0.609870143,-0.236536565,0
-1.846383554,0.516612455,-0.236536565,0
-1.997872363,0.670576964,-0.236536565,0
-1.906045206,0.577319276,-0.236536565,0
-1.814218049,0.484061588,-0.236536565,0
-0.270997915,1.436461293,-0.236536565,0
-0.179170758,1.343203605,-0.236536565,0
-0.087343601,1.249945917,-0.236536565,0
-0.23883241,1.403910426,-0.236536565,0
-0.147005253,1.310652738,-0.236536565,0
-0.055178096,1.21739505,-0.236536565,0
-0.206666905,1.371359559,-0.236536565,0
-0.114839748,1.278101871,-0.236536565,0
-0.023012591,1.184844183,-0.236536565,0
0.624604814,1.78685259,-0.236536565,0
0.716431971,1.693594902,-0.236536565,0
0.808259128,1.600337214,-0.236536565,0
0.656770319,1.754301723,-0.236536565,0
0.748597476,1.661044035,-0.236536565,0
0.840424633,1.567786347,-0.236536565,0
0.688935824,1.721750856,-0.236536565,0
0.780762981,1.628493168,-0.236536565,0
0.872590138,1.53523548,-0.236536565,0
-2.029940125,0.611311063,-1.560134791,0
-1.938112968,0.518053375,-1.560134791,0
-1.846285811,0.424795687,-1.560134791,0
-1.99777462,0.578760196,-1.560134791,0
-1.905947463,0.485502508,-1.560134791,0
-1.814120306,0.39224482,-1.560134791,0
-1.965609115,0.546209329,-1.560134791,0
-1.873781958,0.452951641,-1.560134791,0
-1.781954801,0.359693953,-1.560134791,0
-0.238734667,1.312093657,-1.560134791,0
-0.14690751,1.21883597,-1.560134791,0
0.304268157,0.889593914,-1.560134791,1
-0.206569162,1.27954279,-1.560134791,0
-0.114742005,1.186285103,-1.560134791,0
0.336433662,0.857043047,-1.560134791,1
-0.174403657,1.246991923,-1.560134791,0
0.27677201,0.917749868,-1.560134791,1
0.368599167,0.82449218,-1.560134791,1
0.656868062,1.662484955,-1.560134791,0
0.748695219,1.569227267,-1.560134791,0
0.840522376,1.475969579,-1.560134791,0
0.689033567,1.629934088,-1.560134791,0
0.780860724,1.5366764,-1.560134791,0
1.232036391,1.207434344,-1.560134791,1
0.721199072,1.597383221,-1.560134791,0
1.172374739,1.268141165,-1.560134791,1
1.264201896,1.174883477,-1.560134791,1
-1.990011392,0.465263262,-1.378957848,0
-1.898184235,0.372005574,-1.378957848,0
-1.806357078,0.278747886,-1.378957848,0
-1.957845887,0.432712395,-1.378957848,0
-1.86601873,0.339454707,-1.378957848,0
-1.774191573,0.246197019,-1.378957848,0
-1.925680382,0.400161528,-1.378957848,0
-1.833853225,0.30690384,-1.378957848,0
-1.742026068,0.213646152,-1.378957848,0
-0.198805934,1.166045857,-1.378957848,0
-0.106978777,1.072788169,-1.378957848,0
0.34419689,0.743546113,-1.378957848,1
-0.166640429,1.13349499,-1.378957848,0
-0.074813272,1.040237302,-1.378957848,0
0.376362395,0.710995246,-1.378957848,1
-0.134474924,1.100944123,-1.378957848,0
0.316700743,0.771702067,-1.378957848,1
0.4085279,0.678444379,-1.378957848,1
0.696796795,1.516437154,-1.378957848,0
0.788623952,1.423179466,-1.378957848,0
1.239799619,1.09393741,-1.378957848,1
0.7289623,1.483886287,-1.378957848,0
1.180137967,1.154644231,-1.378957848,1
1.271965124,1.061386543,-1.378957848,1
0.761127805,1.45133542,-1.378957848,0
1.212303472,1.122093364,-1.378957848,1
1.304130629,1.028835676,-1.378957848,1
-1.950082659,0.319215461,-1.197780904,0
-1.858255502,0.225957773,-1.197780904,0
-1.766428345,0.132700085,-1.197780904,0
-1.917917154,0.286664594,-1.197780904,0
-1.826089997,0.193406906,-1.197780904,0
-1.73426284,0.100149218,-1.197780904,0
-1.885751649,0.254113727,-1.197780904,0
-1.793924492,0.160856039,-1.197780904,0
-1.702097335,0.067598351,-1.197780904,0
-0.158877201,1.019998056,-1.197780904,0
-0.067050044,0.926740368,-1.197780904,0
0.384125623,0.597498312,-1.197780904,1
-0.126711696,0.987447189,-1.197780904,0
0.324463971,0.658205133,-1.197780904,1
0.416291128,0.564947445,-1.197780904,1
-0.094546191,0.954896322,-1.197780904,0
0.356629476,0.625654266,-1.197780904,1
0.448456633,0.532396578,-1.197780904,1
0.736725528,1.370389353,-1.197780904,0
0.828552685,1.277131665,-1.197780904,0
1.279728352,0.94788961,-1.197780904,1
0.768891033,1.337838486,-1.197780904,0
1.2200667,1.00859643,-1.197780904,1
1.311893857,0.915338743,-1.197780904,1
0.801056538,1.305287619,-1.197780904,0
1.252232205,0.976045563,-1.197780904,1
1.344059362,0.882787876,-1.197780904,1
-1.910153926,0.17316766,-1.016603961,0
-1.818326769,0.079909972,-1.016603961,0
-1.726499612,-0.013347715,-1.016603961,0
-1.877988421,0.140616793,-1.016603961,0
-1.786161264,0.047359105,-1.016603961,0
-1.694334107,-0.045898582,-1.016603961,0
-1.845822916,0.108065926,-1.016603961,0
-1.753995759,0.014808238,-1.016603961,0
-1.662168602,-0.078449449,-1.016603961,0
-0.118948468,0.873950255,-1.016603961,0
-0.027121311,0.780692567,-1.016603961,0
0.424054356,0.451450511,-1.016603961,1
-0.086782963,0.841399388,-1.016603961,0
0.364392704,0.512157332,-1.016603961,1
0.456219861,0.418899644,-1.016603961,1
-0.054617458,0.808848521,-1.016603961,0
0.396558209,0.479606465,-1.016603961,1
0.488385366,0.386348777,-1.016603961,1
0.776654261,1.224341552,-1.016603961,0
0.868481418,1.131083865,-1.016603961,0
1.319657085,0.801841809,-1.016603961,1
0.808819766,1.191790685,-1.016603961,0
1.259995433,0.86254863,-1.016603961,1
1.35182259,0.769290942,-1.016603961,1
0.840985271,1.159239818,-1.016603961,0
1.292160938,0.829997763,-1.016603961,1
1.383988095,0.736740075,-1.016603961,1
-1.877890678,0.048800025,-2.340202187,0
-1.786063521,-0.044457663,-2.340202187,0
-1.694236364,-0.13771535,-2.340202187,0
-1.845725173,0.016249158,-2.340202187,0
-1.753898016,-0.07700853,-2.340202187,0
-1.662070859,-0.170266217,-2.340202187,0
-1.813559668,-0.016301709,-2.340202187,0
-1.721732511,-0.109559397,-2.340202187,0
-1.629905354,-0.202817084,-2.340202187,0
-0.08668522,0.74958262,-2.340202187,0
0.005141937,0.656324932,-2.340202187,0
0.456317604,0.327082876,-2.340202187,1
-0.054519715,0.717031753,-2.340202187,0
0.037307442,0.623774065,-2.340202187,0
0.488483109,0.294532009,-2.340202187,1
-0.02235421,0.684480886,-2.340202187,0
0.428821457,0.35523883,-2.340202187,1
0.520648614,0.261981142,-2.340202187,1
0.808917509,1.099973917,-2.340202187,0
0.900744666,1.00671623,-2.340202187,0
0.992571823,0.913458542,-2.340202187,0
0.841083014,1.06742305,-2.340202187,0
0.932910171,0.974165363,-2.340202187,0
1.384085838,0.644923307,-2.340202187,1
0.873248519,1.034872183,-2.340202187,0
1.324424186,0.705630128,-2.340202187,1
1.416251343,0.61237244,-2.340202187,1
-1.837961944,-0.097247776,-2.159025243,0
-1.746134788,-0.190505463,-2.159025243,0
-1.654307631,-0.283763151,-2.159025243,0
-1.80579644,-0.129798643,-2.159025243,0
-1.713969283,-0.22305633,-2.159025243,0
-1.622142126,-0.316314018,-2.159025243,0
-1.773630935,-0.16234951,-2.159025243,0
-1.681803778,-0.255607197,-2.159025243,0
-1.589976621,-0.348864885,-2.159025243,0
-0.046756487,0.603534819,-2.159025243,0
0.04507067,0.510277131,-2.159025243,0
0.496246337,0.181035076,-2.159025243,1
-0.014590982,0.570983952,-2.159025243,0
0.077236175,0.477726264,-2.159025243,0
0.528411842,0.148484209,-2.159025243,1
0.017574523,0.538433085,-2.159025243,0
0.46875019,0.209191029,-2.159025243,1
0.560577347,0.115933342,-2.159025243,1
0.848846242,0.953926117,-2.159025243,0
0.940673399,0.860668429,-2.159025243,0
1.391849066,0.531426373,-2.159025243,1
0.881011747,0.92137525,-2.159025243,0
1.332187414,0.592133194,-2.159025243,1
1.424014571,0.498875506,-2.159025243,1
0.913177252,0.888824383,-2.159025243,0
1.364352919,0.559582327,-2.159025243,1
1.456180076,0.466324639,-2.159025243,1
-1.798033211,-0.243295576,-1.9778483,0
-1.706206055,-0.336553264,-1.9778483,0
-1.614378898,-0.429810952,-1.9778483,0
-1.765867707,-0.275846443,-1.9778483,0
-1.67404055,-0.369104131,-1.9778483,0
-1.582213393,-0.462361819,-1.9778483,0
-1.733702202,-0.30839731,-1.9778483,0
-1.641875045,-0.401654998,-1.9778483,0
-1.550047888,-0.494912686,-1.9778483,0
-0.006827754,0.457487018,-1.9778483,0
0.084999403,0.364229331,-1.9778483,0
0.53617507,0.034987275,-1.9778483,1
0.025337751,0.424936151,-1.9778483,0
0.476513418,0.095694096,-1.9778483,1
0.568340575,0.002436408,-1.9778483,1
0.057503256,0.392385284,-1.9778483,0
0.508678923,0.063143229,-1.9778483,1
0.60050608,-0.030114459,-1.9778483,1
0.888774975,0.807878316,-1.9778483,0
0.980602132,0.714620628,-1.9778483,0
1.431777799,0.385378572,-1.9778483,1
0.92094048,0.775327449,-1.9778483,0
1.372116147,0.446085393,-1.9778483,1
1.463943304,0.352827705,-1.9778483,1
0.953105985,0.742776582,-1.9778483,0
1.404281652,0.413534526,-1.9778483,1
1.496108809,0.320276838,-1.9778483,1
-1.758104478,-0.389343377,-1.796671356,0
-1.666277322,-0.482601065,-1.796671356,0
-1.574450165,-0.575858753,-1.796671356,0
-1.725938974,-0.421894244,-1.796671356,0
-1.634111817,-0.515151932,-1.796671356,0
-1.54228466,-0.60840962,-1.796671356,0
-1.693773469,-0.454445111,-1.796671356,0
-1.601946312,-0.547702799,-1.796671356,0
-1.510119155,-0.640960487,-1.796671356,0
0.033100979,0.311439218,-1.796671356,0
0.124928136,0.21818153,-1.796671356,0
0.576103803,-0.111060526,-1.796671356,1
0.065266484,0.278888351,-1.796671356,0
0.516442151,-0.050353705,-1.796671356,1
0.608269308,-0.143611393,-1.796671356,1
0.097431989,0.246337484,-1.796671356,0
0.548607656,-0.082904572,-1.796671356,1
0.640434813,-0.17616226,-1.796671356,1
0.928703708,0.661830515,-1.796671356,0
1.020530865,0.568572827,-1.796671356,0
1.471706532,0.239330771,-1.796671356,1
0.960869213,0.629279648,-1.796671356,0
1.41204488,0.300037592,-1.796671356,1
1.503872037,0.206779904,-1.796671356,1
0.993034718,0.596728781,-1.796671356,0
1.444210385,0.267486725,-1.796671356,1
1.536037542,0.174229037,-1.796671356,1
-2.1480707,1.047833222,0.598890452,0
-2.056243544,0.954575534,0.598890452,0
-1.964416387,0.861317846,0.598890452,0
-2.115905195,1.015282355,0.598890452,0
-2.024078039,0.922024667,0.598890452,0
-1.932250882,0.828766979,0.598890452,0
-2.083739691,0.982731488,0.598890452,0
-1.991912534,0.8894738,0.598890452,0
-1.900085377,0.796216112,0.598890452,0
-0.356865242,1.748615817,0.598890452,0
-0.265038086,1.655358129,0.598890452,0
-0.173210929,1.562100441,0.598890452,0
-0.324699738,1.71606495,0.598890452,0
-0.232872581,1.622807262,0.598890452,0
-0.141045424,1.529549574,0.598890452,0
-0.292534233,1.683514083,0.598890452,0
-0.200707076,1.590256395,0.598890452,0
-0.108879919,1.496998707,0.598890452,0
0.538737486,2.099007114,0.598890452,0
0.630564643,2.005749426,0.598890452,0
0.7223918,1.912491738,0.598890452,0
0.570902991,2.066456247,0.598890452,0
0.662730148,1.973198559,0.598890452,0
0.754557305,1.879940871,0.598890452,0
0.603068496,2.03390538,0.598890452,0
0.694895653,1.940647692,0.598890452,0
0.78672281,1.847390004,0.598890452,0
-2.108141967,0.901785421,0.780067396,0
-2.01631481,0.808527733,0.780067396,0
-1.924487654,0.715270045,0.780067396,0
-2.075976462,0.869234554,0.780067396,0
-1.984149306,0.775976866,0.780067396,0
-1.892322149,0.682719178,0.780067396,0
-2.043810958,0.836683687,0.780067396,0
-1.951983801,0.743425999,0.780067396,0
-1.860156644,0.650168311,0.780067396,0
-0.316936509,1.602568016,0.780067396,0
-0.225109353,1.509310328,0.780067396,0
-0.133282196,1.41605264,0.780067396,0
-0.284771005,1.570017149,0.780067396,0
-0.192943848,1.476759461,0.780067396,0
-0.101116691,1.383501773,0.780067396,0
-0.2526055,1.537466282,0.780067396,0
-0.160778343,1.444208594,0.780067396,0
-0.068951186,1.350950906,0.780067396,0
0.57866622,1.952959313,0.780067396,0
0.670493376,1.859701625,0.780067396,0
0.762320533,1.766443938,0.780067396,0
0.610831724,1.920408446,0.780067396,0
0.702658881,1.827150758,0.780067396,0
0.794486038,1.733893071,0.780067396,0
0.642997229,1.887857579,0.780067396,0
0.734824386,1.794599891,0.780067396,0
0.826651543,1.701342204,0.780067396,0
-2.068213234,0.75573762,0.961244339,0
-1.976386077,0.662479932,0.961244339,0
-1.884558921,0.569222245,0.961244339,0
-2.036047729,0.723186753,0.961244339,0
-1.944220573,0.629929065,0.961244339,0
-1.852393416,0.536671378,0.961244339,0
-2.003882224,0.690635886,0.961244339,0
-1.912055068,0.597378198,0.961244339,0
-1.820227911,0.504120511,0.961244339,0
-0.277007776,1.456520215,0.961244339,0
-0.18518062,1.363262527,0.961244339,0
-0.093353463,1.270004839,0.961244339,0
-0.244842271,1.423969348,0.961244339,0
-0.153015115,1.33071166,0.961244339,0
-0.061187958,1.237453972,0.961244339,0
-0.212676767,1.391418481,0.961244339,0
-0.12084961,1.298160793,0.961244339,0
-0.029022453,1.204903105,0.961244339,0
0.618594953,1.806911512,0.961244339,0
0.710422109,1.713653825,0.961244339,0
0.802249266,1.620396137,0.961244339,0
0.650760457,1.774360645,0.961244339,0
0.742587614,1.681102958,0.961244339,0
0.834414771,1.58784527,0.961244339,0
0.682925962,1.741809778,0.961244339,0
0.774753119,1.648552091,0.961244339,0
0.866580276,1.555294403,0.961244339,0
-2.028284501,0.609689819,1.142421282,0
-1.936457344,0.516432132,1.142421282,0
-1.844630188,0.423174444,1.142421282,0
-1.996118996,0.577138952,1.142421282,0
-1.904291839,0.483881265,1.142421282,0
-1.812464683,0.390623577,1.142421282,0
-1.963953491,0.544588085,1.142421282,0
-1.872126335,0.451330398,1.142421282,0
-1.780299178,0.35807271,1.142421282,0
-0.237079043,1.310472414,1.142421282,0
-0.145251887,1.217214726,1.142421282,0
-0.05342473,1.123957039,1.142421282,0
-0.204913538,1.277921547,1.142421282,0
-0.113086382,1.184663859,1.142421282,0
-0.021259225,1.091406172,1.142421282,0
-0.172748034,1.24537068,1.142421282,0
-0.080920877,1.152112992,1.142421282,0
0.01090628,1.058855305,1.142421282,0
0.658523686,1.660863712,1.142421282,0
0.750350842,1.567606024,1.142421282,0
0.842177999,1.474348336,1.142421282,0
0.69068919,1.628312845,1.142421282,0
0.782516347,1.535055157,1.142421282,0
0.874343504,1.441797469,1.142421282,0
0.722854695,1.595761978,1.142421282,0
0.814681852,1.50250429,1.142421282,0
0.906509009,1.409246602,1.142421282,0
-1.996021253,0.485322184,-0.181176943,0
-1.904194096,0.392064497,-0.181176943,0
-1.812366939,0.298806809,-0.181176943,0
-1.963855748,0.452771317,-0.181176943,0
-1.872028591,0.35951363,-0.181176943,0
-1.780201435,0.266255942,-0.181176943,0
-1.931690243,0.42022045,-0.181176943,0
-1.839863086,0.326962763,-0.181176943,0
-1.74803593,0.233705075,-0.181176943,0
-0.204815795,1.186104779,-0.181176943,0
-0.112988638,1.092847091,-0.181176943,0
0.338187029,0.763605036,-0.181176943,1
-0.17265029,1.153553912,-0.181176943,0
-0.080823133,1.060296224,-0.181176943,0
0.370352534,0.731054169,-0.181176943,1
-0.140484785,1.121003045,-0.181176943,0
0.310690882,0.791760989,-0.181176943,1
0.402518039,0.698503302,-0.181176943,1
0.690786934,1.536496077,-0.181176943,0
0.782614091,1.443238389,-0.181176943,0
0.874441247,1.349980701,-0.181176943,0
0.722952439,1.50394521,-0.181176943,0
0.814779595,1.410687522,-0.181176943,0
1.265955263,1.081445466,-0.181176943,1
0.755117944,1.471394343,-0.181176943,0
1.206293611,1.142152287,-0.181176943,1
1.298120767,1.048894599,-0.181176943,1
-1.95609252,0.339274384,6.36E-14,0
-1.864265363,0.246016696,6.38E-14,0
-1.772438206,0.152759008,6.41E-14,0
-1.923927015,0.306723517,6.35E-14,0
-1.832099858,0.213465829,6.38E-14,0
-1.740272701,0.120208141,6.41E-14,0
-1.89176151,0.27417265,6.34E-14,0
-1.799934353,0.180914962,6.37E-14,0
-1.708107197,0.087657274,6.40E-14,0
-0.164887062,1.040056978,6.30E-14,0
-0.073059905,0.946799291,6.33E-14,0
0.378115762,0.617557235,6.31E-14,1
-0.132721557,1.007506111,6.29E-14,0
-0.0408944,0.914248424,6.32E-14,0
0.410281267,0.585006368,6.31E-14,1
-0.100556052,0.974955244,6.29E-14,0
0.350619615,0.645713189,6.27E-14,1
0.442446772,0.552455501,6.30E-14,1
0.730715667,1.390448276,6.28E-14,0
0.822542824,1.297190588,6.31E-14,0
1.273718491,0.967948532,6.29E-14,1
0.762881172,1.357897409,6.27E-14,0
1.214056839,1.028655353,6.26E-14,1
1.305883996,0.935397665,6.28E-14,1
0.795046677,1.325346542,6.27E-14,0
1.246222344,0.996104486,6.25E-14,1
1.3380495,0.902846798,6.28E-14,1
-1.916163787,0.193226583,0.181176943,0
-1.82433663,0.099968895,0.181176943,0
-1.732509473,0.006711207,0.181176943,0
-1.883998282,0.160675716,0.181176943,0
-1.792171125,0.067418028,0.181176943,0
-1.700343968,-0.02583966,0.181176943,0
-1.851832777,0.128124849,0.181176943,0
-1.76000562,0.034867161,0.181176943,0
-1.668178464,-0.058390527,0.181176943,0
-0.124958329,0.894009178,0.181176943,0
-0.033131172,0.80075149,0.181176943,0
0.418044495,0.471509434,0.181176943,1
-0.092792824,0.861458311,0.181176943,0
0.358382843,0.532216255,0.181176943,1
0.45021,0.438958567,0.181176943,1
-0.060627319,0.828907444,0.181176943,0
0.390548348,0.499665388,0.181176943,1
0.482375505,0.4064077,0.181176943,1
0.7706444,1.244400475,0.181176943,0
0.862471557,1.151142787,0.181176943,0
1.313647224,0.821900731,0.181176943,1
0.802809905,1.211849608,0.181176943,0
1.253985572,0.882607552,0.181176943,1
1.345812729,0.789349864,0.181176943,1
0.83497541,1.179298741,0.181176943,0
1.286151077,0.850056685,0.181176943,1
1.377978234,0.756798997,0.181176943,1
-1.876235054,0.047178782,0.362353887,0
-1.784407897,-0.046078906,0.362353887,0
-1.69258074,-0.139336594,0.362353887,0
-1.844069549,0.014627915,0.362353887,0
-1.752242392,-0.078629773,0.362353887,0
-1.660415235,-0.171887461,0.362353887,0
-1.811904044,-0.017922952,0.362353887,0
-1.720076887,-0.11118064,0.362353887,0
-1.628249731,-0.204438328,0.362353887,0
-0.085029596,0.747961377,0.362353887,0
0.006797561,0.654703689,0.362353887,0
0.457973228,0.325461633,0.362353887,1
-0.052864091,0.71541051,0.362353887,0
0.398311576,0.386168454,0.362353887,1
0.490138733,0.292910766,0.362353887,1
-0.020698586,0.682859643,0.362353887,0
0.430477081,0.353617587,0.362353887,1
0.522304238,0.260359899,0.362353887,1
0.810573133,1.098352674,0.362353887,0
0.90240029,1.005094986,0.362353887,0
1.353575957,0.675852931,0.362353887,1
0.842738638,1.065801807,0.362353887,0
1.293914305,0.736559751,0.362353887,1
1.385741462,0.643302064,0.362353887,1
0.874904143,1.03325094,0.362353887,0
1.32607981,0.704008884,0.362353887,1
1.417906967,0.610751197,0.362353887,1
-1.843971806,-0.077188853,-0.961244339,0
-1.752144649,-0.170446541,-0.961244339,0
-1.660317492,-0.263704229,-0.961244339,0
-1.811806301,-0.10973972,-0.961244339,0
-1.719979144,-0.202997408,-0.961244339,0
-1.628151987,-0.296255096,-0.961244339,0
-1.779640796,-0.142290587,-0.961244339,0
-1.687813639,-0.235548275,-0.961244339,0
-1.595986482,-0.328805963,-0.961244339,0
-0.052766348,0.623593742,-0.961244339,0
0.039060809,0.530336054,-0.961244339,0
0.490236476,0.201093998,-0.961244339,1
-0.020600843,0.591042875,-0.961244339,0
0.071226314,0.497785187,-0.961244339,0
0.522401981,0.168543131,-0.961244339,1
0.011564662,0.558492008,-0.961244339,0
0.462740329,0.229249952,-0.961244339,1
0.554567486,0.135992264,-0.961244339,1
0.842836381,0.973985039,-0.961244339,0
0.934663538,0.880727351,-0.961244339,0
1.026490695,0.787469663,-0.961244339,0
0.875001886,0.941434172,-0.961244339,0
0.966829043,0.848176484,-0.961244339,0
1.41800471,0.518934428,-0.961244339,1
0.907167391,0.908883305,-0.961244339,0
1.358343058,0.579641249,-0.961244339,1
1.450170215,0.486383561,-0.961244339,1
-1.804043073,-0.223236654,-0.780067396,0
-1.712215916,-0.316494342,-0.780067396,0
-1.620388759,-0.40975203,-0.780067396,0
-1.771877568,-0.255787521,-0.780067396,0
-1.680050411,-0.349045209,-0.780067396,0
-1.588223254,-0.442302897,-0.780067396,0
-1.739712063,-0.288338388,-0.780067396,0
-1.647884906,-0.381596076,-0.780067396,0
-1.556057749,-0.474853764,-0.780067396,0
-0.012837615,0.477545941,-0.780067396,0
0.078989542,0.384288253,-0.780067396,0
0.530165209,0.055046197,-0.780067396,1
0.01932789,0.444995074,-0.780067396,0
0.111155047,0.351737386,-0.780067396,0
0.562330714,0.02249533,-0.780067396,1
0.051493395,0.412444207,-0.780067396,0
0.502669062,0.083202151,-0.780067396,1
0.594496219,-0.010055537,-0.780067396,1
0.882765114,0.827937238,-0.780067396,0
0.974592271,0.73467955,-0.780067396,0
1.425767938,0.405437495,-0.780067396,1
0.914930619,0.795386371,-0.780067396,0
1.366106286,0.466144315,-0.780067396,1
1.457933443,0.372886628,-0.780067396,1
0.947096124,0.762835504,-0.780067396,0
1.398271791,0.433593448,-0.780067396,1
1.490098948,0.340335761,-0.780067396,1
-1.76411434,-0.369284455,-0.598890452,0
-1.672287183,-0.462542143,-0.598890452,0
-1.580460026,-0.55579983,-0.598890452,0
-1.731948835,-0.401835322,-0.598890452,0
-1.640121678,-0.49509301,-0.598890452,0
-1.548294521,-0.588350697,-0.598890452,0
-1.69978333,-0.434386189,-0.598890452,0
-1.607956173,-0.527643877,-0.598890452,0
-1.516129016,-0.620901564,-0.598890452,0
0.027091118,0.33149814,-0.598890452,0
0.118918275,0.238240452,-0.598890452,0
0.570093942,-0.091001604,-0.598890452,1
0.059256623,0.298947273,-0.598890452,0
0.51043229,-0.030294783,-0.598890452,1
0.602259447,-0.123552471,-0.598890452,1
0.091422128,0.266396406,-0.598890452,0
0.542597795,-0.06284565,-0.598890452,1
0.634424952,-0.156103338,-0.598890452,1
0.922693847,0.681889437,-0.598890452,0
1.014521004,0.58863175,-0.598890452,0
1.465696671,0.259389694,-0.598890452,1
0.954859352,0.64933857,-0.598890452,0
1.406035019,0.320096515,-0.598890452,1
1.497862176,0.226838827,-0.598890452,1
0.987024857,0.616787703,-0.598890452,0
1.438200524,0.287545648,-0.598890452,1
1.530027681,0.19428796,-0.598890452,1
-1.724185607,-0.515332256,-0.417713509,0
-1.63235845,-0.608589943,-0.417713509,0
-1.540531293,-0.701847631,-0.417713509,0
-1.692020102,-0.547883123,-0.417713509,0
-1.600192945,-0.64114081,-0.417713509,0
-1.508365788,-0.734398498,-0.417713509,0
-1.659854597,-0.58043399,-0.417713509,0
-1.56802744,-0.673691677,-0.417713509,0
-1.476200283,-0.766949365,-0.417713509,0
0.067019851,0.185450339,-0.417713509,0
0.158847008,0.092192651,-0.417713509,0
0.610022675,-0.237049404,-0.417713509,1
0.099185356,0.152899472,-0.417713509,0
0.550361023,-0.176342584,-0.417713509,1
0.64218818,-0.269600271,-0.417713509,1
0.131350861,0.120348605,-0.417713509,0
0.582526528,-0.208893451,-0.417713509,1
0.674353685,-0.302151138,-0.417713509,1
0.96262258,0.535841637,-0.417713509,0
1.054449737,0.442583949,-0.417713509,0
1.505625404,0.113341893,-0.417713509,1
0.994788085,0.50329077,-0.417713509,0
1.445963752,0.174048714,-0.417713509,1
1.537790909,0.080791026,-0.417713509,1
1.02695359,0.470739903,-0.417713509,0
1.478129257,0.141497847,-0.417713509,1
1.569956414,0.048240159,-0.417713509,1
-1.691922359,-0.639699891,-1.741311735,0
-1.600095202,-0.732957578,-1.741311735,0
-1.508268045,-0.826215266,-1.741311735,0
-1.659756854,-0.672250758,-1.741311735,0
-1.567929697,-0.765508445,-1.741311735,0
-1.47610254,-0.858766133,-1.741311735,0
-1.627591349,-0.704801625,-1.741311735,0
-1.535764192,-0.798059312,-1.741311735,0
-1.443937035,-0.891317,-1.741311735,0
0.099283099,0.061082704,-1.741311735,0
0.191110256,-0.032174984,-1.741311735,0
0.642285923,-0.361417039,-1.741311735,1
0.131448604,0.028531837,-1.741311735,0
0.223275761,-0.064725851,-1.741311735,0
0.674451428,-0.393967906,-1.741311735,1
0.163614109,-0.00401903,-1.741311735,0
0.614789776,-0.333261086,-1.741311735,1
0.706616933,-0.426518773,-1.741311735,1
0.994885828,0.411474002,-1.741311735,0
1.086712985,0.318216314,-1.741311735,0
1.178540142,0.224958626,-1.741311735,0
1.027051333,0.378923135,-1.741311735,0
1.11887849,0.285665447,-1.741311735,0
1.570054157,-0.043576609,-1.741311735,1
1.059216838,0.346372268,-1.741311735,0
1.510392505,0.017130212,-1.741311735,1
1.602219662,-0.076127476,-1.741311735,1
-1.651993626,-0.785747691,-1.560134791,0
-1.560166469,-0.879005379,-1.560134791,0
-1.468339312,-0.972263067,-1.560134791,0
-1.619828121,-0.818298558,-1.560134791,0
-1.528000964,-0.911556246,-1.560134791,0
-1.436173807,-1.004813934,-1.560134791,0
-1.587662616,-0.850849425,-1.560134791,0
-1.495835459,-0.944107113,-1.560134791,0
-1.404008302,-1.037364801,-1.560134791,0
0.139211832,-0.084965097,-1.560134791,0
0.231038989,-0.178222785,-1.560134791,0
0.682214656,-0.50746484,-1.560134791,1
0.171377337,-0.117515964,-1.560134791,0
0.263204494,-0.210773652,-1.560134791,0
0.714380161,-0.540015707,-1.560134791,1
0.203542842,-0.150066831,-1.560134791,0
0.654718509,-0.479308886,-1.560134791,1
0.746545666,-0.572566574,-1.560134791,1
1.034814561,0.265426201,-1.560134791,0
1.126641718,0.172168513,-1.560134791,0
1.577817385,-0.157073543,-1.560134791,1
1.066980066,0.232875334,-1.560134791,0
1.518155733,-0.096366722,-1.560134791,1
1.60998289,-0.18962441,-1.560134791,1
1.099145571,0.200324467,-1.560134791,0
1.550321238,-0.128917589,-1.560134791,1
1.642148395,-0.222175277,-1.560134791,1
-1.612064893,-0.931795492,-1.378957848,0
-1.520237736,-1.02505318,-1.378957848,0
-1.428410579,-1.118310868,-1.378957848,0
-1.579899388,-0.964346359,-1.378957848,0
-1.488072231,-1.057604047,-1.378957848,0
-1.396245074,-1.150861735,-1.378957848,0
-1.547733883,-0.996897226,-1.378957848,0
-1.455906726,-1.090154914,-1.378957848,0
-1.364079569,-1.183412602,-1.378957848,0
0.179140565,-0.231012897,-1.378957848,0
0.270967722,-0.324270585,-1.378957848,0
0.722143389,-0.653512641,-1.378957848,1
0.21130607,-0.263563764,-1.378957848,0
0.662481737,-0.59280582,-1.378957848,1
0.754308894,-0.686063508,-1.378957848,1
0.243471575,-0.296114631,-1.378957848,0
0.694647242,-0.625356687,-1.378957848,1
0.786474399,-0.718614375,-1.378957848,1
1.074743294,0.1193784,-1.378957848,0
1.166570451,0.026120712,-1.378957848,0
1.617746118,-0.303121344,-1.378957848,1
1.106908799,0.086827533,-1.378957848,0
1.558084466,-0.242414523,-1.378957848,1
1.649911623,-0.335672211,-1.378957848,1
1.139074304,0.054276666,-1.378957848,0
1.590249971,-0.27496539,-1.378957848,1
1.682077128,-0.368223078,-1.378957848,1
-1.57213616,-1.077843293,-1.197780904,0
-1.480309003,-1.171100981,-1.197780904,0
-1.388481846,-1.264358669,-1.197780904,0
-1.539970655,-1.11039416,-1.197780904,0
-1.448143498,-1.203651848,-1.197780904,0
-1.356316341,-1.296909536,-1.197780904,0
-1.50780515,-1.142945027,-1.197780904,0
-1.415977993,-1.236202715,-1.197780904,0
-1.324150836,-1.329460403,-1.197780904,0
0.219069298,-0.377060698,-1.197780904,0
0.310896455,-0.470318386,-1.197780904,0
0.762072122,-0.799560442,-1.197780904,1
0.251234803,-0.409611565,-1.197780904,0
0.70241047,-0.738853621,-1.197780904,1
0.794237627,-0.832111309,-1.197780904,1
0.283400308,-0.442162432,-1.197780904,0
0.734575975,-0.771404488,-1.197780904,1
0.826403132,-0.864662176,-1.197780904,1
1.114672027,-0.026669401,-1.197780904,0
1.206499184,-0.119927089,-1.197780904,0
1.657674851,-0.449169144,-1.197780904,1
1.146837532,-0.059220268,-1.197780904,0
1.598013199,-0.388462324,-1.197780904,1
1.689840356,-0.481720011,-1.197780904,1
1.179003037,-0.091771135,-1.197780904,0
1.630178704,-0.421013191,-1.197780904,1
1.722005861,-0.514270878,-1.197780904,1
-1.962102382,0.359333306,1.197780904,0
-1.870275225,0.266075618,1.197780904,0
-1.778448068,0.17281793,1.197780904,0
-1.929936877,0.326782439,1.197780904,0
-1.83810972,0.233524751,1.197780904,0
-1.746282563,0.140267063,1.197780904,0
-1.897771372,0.294231572,1.197780904,0
-1.805944215,0.200973884,1.197780904,0
-1.714117058,0.107716196,1.197780904,0
-0.170896924,1.060115901,1.197780904,0
-0.079069767,0.966858213,1.197780904,0
0.3721059,0.637616157,1.197780904,1
-0.138731419,1.027565034,1.197780904,0
-0.046904262,0.934307346,1.197780904,0
0.404271405,0.60506529,1.197780904,1
-0.106565914,0.995014167,1.197780904,0
0.344609753,0.665772111,1.197780904,1
0.43643691,0.572514423,1.197780904,1
0.724705805,1.410507198,1.197780904,0
0.816532962,1.31724951,1.197780904,0
0.908360119,1.223991823,1.197780904,0
0.75687131,1.377956331,1.197780904,0
0.848698467,1.284698643,1.197780904,0
1.299874134,0.955456588,1.197780904,1
0.789036815,1.345405464,1.197780904,0
1.240212482,1.016163408,1.197780904,1
1.332039639,0.922905721,1.197780904,1
-1.922173649,0.213285505,1.378957848,0
-1.830346492,0.120027817,1.378957848,0
-1.738519335,0.02677013,1.378957848,0
-1.890008144,0.180734638,1.378957848,0
-1.798180987,0.08747695,1.378957848,0
-1.70635383,-0.005780737,1.378957848,0
-1.857842639,0.148183771,1.378957848,0
-1.766015482,0.054926083,1.378957848,0
-1.674188325,-0.038331604,1.378957848,0
-0.130968191,0.9140681,1.378957848,0
-0.039141034,0.820810412,1.378957848,0
0.412034633,0.491568356,1.378957848,1
-0.098802686,0.881517233,1.378957848,0
-0.006975529,0.788259545,1.378957848,0
0.444200138,0.459017489,1.378957848,1
-0.066637181,0.848966366,1.378957848,0
0.384538486,0.51972431,1.378957848,1
0.476365643,0.426466622,1.378957848,1
0.764634538,1.264459397,1.378957848,0
0.856461695,1.17120171,1.378957848,0
1.307637362,0.841959654,1.378957848,1
0.796800043,1.23190853,1.378957848,0
1.24797571,0.902666475,1.378957848,1
1.339802867,0.809408787,1.378957848,1
0.828965548,1.199357663,1.378957848,0
1.280141215,0.870115608,1.378957848,1
1.371968372,0.77685792,1.378957848,1
-1.882244916,0.067237704,1.560134791,0
-1.790417759,-0.026019983,1.560134791,0
-1.698590602,-0.119277671,1.560134791,0
-1.850079411,0.034686837,1.560134791,0
-1.758252254,-0.05857085,1.560134791,0
-1.666425097,-0.151828538,1.560134791,0
-1.817913906,0.00213597,1.560134791,0
-1.726086749,-0.091121717,1.560134791,0
-1.634259592,-0.184379405,1.560134791,0
-0.091039458,0.768020299,1.560134791,0
0.000787699,0.674762611,1.560134791,0
0.451963366,0.345520556,1.560134791,1
-0.058873953,0.735469432,1.560134791,0
0.392301714,0.406227376,1.560134791,1
0.484128871,0.312969689,1.560134791,1
-0.026708448,0.702918565,1.560134791,0
0.424467219,0.373676509,1.560134791,1
0.516294376,0.280418822,1.560134791,1
0.804563271,1.118411597,1.560134791,0
0.896390428,1.025153909,1.560134791,0
1.347566095,0.695911853,1.560134791,1
0.836728776,1.08586073,1.560134791,0
1.287904443,0.756618674,1.560134791,1
1.3797316,0.663360986,1.560134791,1
0.868894281,1.053309863,1.560134791,0
1.320069948,0.724067807,1.560134791,1
1.411897105,0.630810119,1.560134791,1
-1.842316183,-0.078810096,1.741311735,0
-1.750489026,-0.172067784,1.741311735,0
-1.658661869,-0.265325472,1.741311735,0
-1.810150678,-0.111360963,1.741311735,0
-1.718323521,-0.204618651,1.741311735,0
-1.626496364,-0.297876339,1.741311735,0
-1.777985173,-0.14391183,1.741311735,0
-1.686158016,-0.237169518,1.741311735,0
-1.594330859,-0.330427206,1.741311735,0
-0.051110725,0.621972498,1.741311735,0
0.040716432,0.528714811,1.741311735,0
0.491892099,0.199472755,1.741311735,1
-0.01894522,0.589421631,1.741311735,0
0.432230447,0.260179576,1.741311735,1
0.524057604,0.166921888,1.741311735,1
0.013220285,0.556870764,1.741311735,0
0.464395952,0.227628709,1.741311735,1
0.556223109,0.134371021,1.741311735,1
0.844492004,0.972363796,1.741311735,0
0.936319161,0.879106108,1.741311735,0
1.387494828,0.549864052,1.741311735,1
0.876657509,0.939812929,1.741311735,0
1.327833176,0.610570873,1.741311735,1
1.419660333,0.517313185,1.741311735,1
0.908823014,0.907262062,1.741311735,0
1.359998681,0.578020006,1.741311735,1
1.451825838,0.484762318,1.741311735,1
-1.810052935,-0.203177731,0.417713509,0
-1.718225778,-0.296435419,0.417713509,0
-1.626398621,-0.389693107,0.417713509,0
-1.77788743,-0.235728598,0.417713509,0
-1.686060273,-0.328986286,0.417713509,0
-1.594233116,-0.422243974,0.417713509,0
-1.745721925,-0.268279465,0.417713509,0
-1.653894768,-0.361537153,0.417713509,0
-1.562067611,-0.454794841,0.417713509,0
-0.018847477,0.497604863,0.417713509,0
0.07297968,0.404347175,0.417713509,0
0.524155347,0.07510512,0.417713509,1
0.013318028,0.465053996,0.417713509,0
0.105145185,0.371796308,0.417713509,0
0.556320852,0.042554253,0.417713509,1
0.045483533,0.432503129,0.417713509,0
0.4966592,0.103261074,0.417713509,1
0.588486357,0.010003386,0.417713509,1
0.876755252,0.847996161,0.417713509,0
0.968582409,0.754738473,0.417713509,0
1.060409566,0.661480785,0.417713509,0
0.908920757,0.815445294,0.417713509,0
1.000747914,0.722187606,0.417713509,0
1.451923581,0.39294555,0.417713509,1
0.941086262,0.782894427,0.417713509,0
1.392261929,0.453652371,0.417713509,1
1.484089086,0.360394683,0.417713509,1
-1.770124201,-0.349225532,0.598890452,0
-1.678297045,-0.44248322,0.598890452,0
-1.586469888,-0.535740908,0.598890452,0
-1.737958697,-0.381776399,0.598890452,0
-1.64613154,-0.475034087,0.598890452,0
-1.554304383,-0.568291775,0.598890452,0
-1.705793192,-0.414327266,0.598890452,0
-1.613966035,-0.507584954,0.598890452,0
-1.522138878,-0.600842642,0.598890452,0
0.021081256,0.351557063,0.598890452,0
0.112908413,0.258299375,0.598890452,0
0.56408408,-0.070942681,0.598890452,1
0.053246761,0.319006196,0.598890452,0
0.145073918,0.225748508,0.598890452,0
0.596249585,-0.103493548,0.598890452,1
0.085412266,0.286455329,0.598890452,0
0.536587933,-0.042786727,0.598890452,1
0.62841509,-0.136044415,0.598890452,1
0.916683985,0.70194836,0.598890452,0
1.008511142,0.608690672,0.598890452,0
1.459686809,0.279448616,0.598890452,1
0.94884949,0.669397493,0.598890452,0
1.400025157,0.340155437,0.598890452,1
1.491852314,0.246897749,0.598890452,1
0.981014995,0.636846626,0.598890452,0
1.432190662,0.30760457,0.598890452,1
1.524017819,0.214346882,0.598890452,1
-1.730195468,-0.495273333,0.780067396,0
-1.638368312,-0.588531021,0.780067396,0
-1.546541155,-0.681788709,0.780067396,0
-1.698029964,-0.5278242,0.780067396,0
-1.606202807,-0.621081888,0.780067396,0
-1.51437565,-0.714339576,0.780067396,0
-1.665864459,-0.560375067,0.780067396,0
-1.574037302,-0.653632755,0.780067396,0
-1.482210145,-0.746890443,0.780067396,0
0.061009989,0.205509262,0.780067396,0
0.152837146,0.112251574,0.780067396,0
0.604012813,-0.216990482,0.780067396,1
0.093175494,0.172958395,0.780067396,0
0.544351161,-0.156283661,0.780067396,1
0.636178318,-0.249541349,0.780067396,1
0.125340999,0.140407528,0.780067396,0
0.576516666,-0.188834528,0.780067396,1
0.668343823,-0.282092216,0.780067396,1
0.956612718,0.555900559,0.780067396,0
1.048439875,0.462642871,0.780067396,0
1.499615542,0.133400816,0.780067396,1
0.988778223,0.523349692,0.780067396,0
1.43995389,0.194107636,0.780067396,1
1.531781047,0.100849949,0.780067396,1
1.020943728,0.490798825,0.780067396,0
1.472119395,0.161556769,0.780067396,1
1.563946552,0.068299082,0.780067396,1
-1.690266735,-0.641321134,0.961244339,0
-1.598439579,-0.734578822,0.961244339,0
-1.506612422,-0.82783651,0.961244339,0
-1.658101231,-0.673872001,0.961244339,0
-1.566274074,-0.767129689,0.961244339,0
-1.474446917,-0.860387377,0.961244339,0
-1.625935726,-0.706422868,0.961244339,0
-1.534108569,-0.799680556,0.961244339,0
-1.442281412,-0.892938244,0.961244339,0
0.100938722,0.059461461,0.961244339,0
0.192765879,-0.033796227,0.961244339,0
0.643941546,-0.363038283,0.961244339,1
0.133104227,0.026910594,0.961244339,0
0.584279894,-0.302331462,0.961244339,1
0.676107051,-0.39558915,0.961244339,1
0.165269732,-0.005640273,0.961244339,0
0.616445399,-0.334882329,0.961244339,1
0.708272556,-0.428140017,0.961244339,1
0.996541451,0.409852758,0.961244339,0
1.088368608,0.31659507,0.961244339,0
1.539544275,-0.012646985,0.961244339,1
1.028706956,0.377301891,0.961244339,0
1.479882623,0.048059836,0.961244339,1
1.57170978,-0.045197852,0.961244339,1
1.060872461,0.344751024,0.961244339,0
1.512048128,0.015508969,0.961244339,1
1.603875285,-0.077748719,0.961244339,1
-1.658003487,-0.765688769,-0.362353887,0
-1.56617633,-0.858946457,-0.362353887,0
-1.474349174,-0.952204145,-0.362353887,0
-1.625837982,-0.798239636,-0.362353887,0
-1.534010826,-0.891497324,-0.362353887,0
-1.442183669,-0.984755012,-0.362353887,0
-1.593672477,-0.830790503,-0.362353887,0
-1.501845321,-0.924048191,-0.362353887,0
-1.410018164,-1.017305879,-0.362353887,0
0.133201971,-0.064906174,-0.362353887,0
0.584377638,-0.39414823,-0.362353887,1
0.676204795,-0.487405918,-0.362353887,1
0.165367476,-0.097457041,-0.362353887,0
0.616543143,-0.426699097,-0.362353887,1
0.708370299,-0.519956785,-0.362353887,1
0.19753298,-0.130007908,-0.362353887,0
0.648708647,-0.459249964,-0.362353887,1
1.459232825,-1.024476388,-0.362353887,3
1.0288047,0.285485123,-0.362353887,0
1.120631856,0.192227435,-0.362353887,0
1.212459013,0.098969748,-0.362353887,0
1.060970204,0.252934256,-0.362353887,0
1.512145872,-0.0763078,-0.362353887,1
1.603973028,-0.169565487,-0.362353887,1
1.093135709,0.220383389,-0.362353887,0
1.544311376,-0.108858667,-0.362353887,1
2.354835554,-0.67408509,-0.362353887,3
-1.618074754,-0.91173657,-0.181176943,0
-1.526247597,-1.004994258,-0.181176943,0
-1.434420441,-1.098251945,-0.181176943,0
-1.585909249,-0.944287437,-0.181176943,0
-1.494082092,-1.037545125,-0.181176943,0
-1.402254936,-1.130802812,-0.181176943,0
-1.553743744,-0.976838304,-0.181176943,0
-1.461916588,-1.070095992,-0.181176943,0
-1.370089431,-1.163353679,-0.181176943,0
0.173130704,-0.210953975,-0.181176943,0
0.624306371,-0.540196031,-0.181176943,1
0.716133528,-0.633453719,-0.181176943,1
0.205296209,-0.243504842,-0.181176943,0
0.656471876,-0.572746898,-0.181176943,1
0.748299032,-0.666004586,-0.181176943,1
0.237461713,-0.276055709,-0.181176943,0
0.688637381,-0.605297765,-0.181176943,1
1.499161558,-1.170524188,-0.181176943,3
1.068733433,0.139437322,-0.181176943,0
1.5199091,-0.189804733,-0.181176943,1
1.611736257,-0.283062421,-0.181176943,1
1.100898937,0.106886455,-0.181176943,0
1.552074605,-0.2223556,-0.181176943,1
2.362598782,-0.787582024,-0.181176943,3
1.133064442,0.074335588,-0.181176943,0
1.584240109,-0.254906467,-0.181176943,1
2.394764287,-0.820132891,-0.181176943,3
-1.578146021,-1.057784371,-6.26E-14,0
-1.486318864,-1.151042058,-6.23E-14,0
-1.394491708,-1.244299746,-6.21E-14,0
-1.545980516,-1.090335238,-6.27E-14,0
-1.454153359,-1.183592925,-6.24E-14,0
-1.362326203,-1.276850613,-6.21E-14,0
-1.513815011,-1.122886105,-6.27E-14,0
-1.421987855,-1.216143792,-6.25E-14,0
-1.330160698,-1.30940148,-6.22E-14,0
0.213059437,-0.357001776,-6.32E-14,0
0.664235104,-0.686243832,-6.33E-14,1
0.756062261,-0.779501519,-6.31E-14,1
0.245224942,-0.389552643,-6.32E-14,0
0.696400609,-0.718794699,-6.34E-14,1
1.506924786,-1.284021122,-6.40E-14,3
0.277390446,-0.42210351,-6.33E-14,0
0.728566114,-0.751345566,-6.34E-14,1
1.539090291,-1.316571989,-6.41E-14,3
1.108662166,-0.006610478,-6.34E-14,0
1.559837833,-0.335852534,-6.36E-14,1
1.65166499,-0.429110222,-6.33E-14,1
1.140827671,-0.039161345,-6.34E-14,0
1.592003338,-0.368403401,-6.36E-14,1
2.402527515,-0.933629825,-6.42E-14,3
1.172993175,-0.071712212,-6.35E-14,0
1.624168843,-0.400954268,-6.37E-14,1
2.43469302,-0.966180692,-6.43E-14,3
-1.538217288,-1.203832171,0.181176943,0
-1.446390131,-1.297089859,0.181176943,0
-1.354562974,-1.390347547,0.181176943,0
-1.506051783,-1.236383038,0.181176943,0
-1.414224626,-1.329640726,0.181176943,0
-1.32239747,-1.422898414,0.181176943,0
-1.473886278,-1.268933905,0.181176943,0
-1.382059122,-1.362191593,0.181176943,0
-1.290231965,-1.455449281,0.181176943,0
0.25298817,-0.503049577,0.181176943,0
0.704163837,-0.832291632,0.181176943,1
0.795990994,-0.92554932,0.181176943,1
0.285153675,-0.535600444,0.181176943,0
0.736329342,-0.864842499,0.181176943,1
1.546853519,-1.430068923,0.181176943,3
0.31731918,-0.568151311,0.181176943,0
0.768494847,-0.897393366,0.181176943,1
1.579019024,-1.46261979,0.181176943,3
1.148590899,-0.152658279,0.181176943,0
1.599766566,-0.481900335,0.181176943,1
1.691593723,-0.575158023,0.181176943,1
1.180756404,-0.185209146,0.181176943,0
1.631932071,-0.514451202,0.181176943,1
2.442456248,-1.079677626,0.181176943,3
1.212921908,-0.217760013,0.181176943,0
1.664097576,-0.547002069,0.181176943,1
2.474621753,-1.112228493,0.181176943,3
-1.50595404,-1.328199806,-1.142421282,0
-1.414126883,-1.421457494,-1.142421282,0
-1.322299726,-1.514715182,-1.142421282,0
-1.473788535,-1.360750673,-1.142421282,0
-1.381961378,-1.454008361,-1.142421282,0
-1.290134221,-1.547266049,-1.142421282,0
-1.44162303,-1.39330154,-1.142421282,0
-1.349795873,-1.486559228,-1.142421282,0
-1.257968717,-1.579816916,-1.142421282,0
0.285251418,-0.627417212,-1.142421282,0
0.736427085,-0.956659267,-1.142421282,1
1.187602752,-1.285901323,-1.142421282,2
0.317416923,-0.659968079,-1.142421282,0
0.76859259,-0.989210134,-1.142421282,1
1.219768257,-1.31845219,-1.142421282,2
0.349582428,-0.692518946,-1.142421282,0
1.160106605,-1.257745369,-1.142421282,2
1.611282272,-1.586987425,-1.142421282,3
1.180854147,-0.277025914,-1.142421282,0
1.272681304,-0.370283602,-1.142421282,0
1.36450846,-0.46354129,-1.142421282,0
1.213019652,-0.309576781,-1.142421282,0
1.664195319,-0.638818837,-1.142421282,1
2.115370986,-0.968060893,-1.142421282,2
1.245185157,-0.342127648,-1.142421282,0
2.055709334,-0.907354072,-1.142421282,2
2.506885001,-1.236596128,-1.142421282,3
-1.466025307,-1.474247607,-0.961244339,0
-1.37419815,-1.567505295,-0.961244339,0
-1.282370993,-1.660762983,-0.961244339,0
-1.433859802,-1.506798474,-0.961244339,0
-1.342032645,-1.600056162,-0.961244339,0
-1.250205488,-1.69331385,-0.961244339,0
-1.401694297,-1.539349341,-0.961244339,0
-1.30986714,-1.632607029,-0.961244339,0
-1.218039984,-1.725864717,-0.961244339,0
0.325180151,-0.773465013,-0.961244339,0
0.776355818,-1.102707068,-0.961244339,1
1.227531485,-1.431949124,-0.961244339,2
0.357345656,-0.80601588,-0.961244339,0
0.808521323,-1.135257935,-0.961244339,1
1.25969699,-1.464499991,-0.961244339,2
0.389511161,-0.838566747,-0.961244339,0
1.200035338,-1.40379317,-0.961244339,2
1.651211005,-1.733035226,-0.961244339,3
1.22078288,-0.423073715,-0.961244339,0
1.671958547,-0.752315771,-0.961244339,1
2.123134214,-1.081557827,-0.961244339,2
1.252948385,-0.455624582,-0.961244339,0
2.063472562,-1.020851006,-0.961244339,2
2.514648229,-1.350093062,-0.961244339,3
1.28511389,-0.488175449,-0.961244339,0
2.095638067,-1.053401873,-0.961244339,2
2.546813734,-1.382643929,-0.961244339,3
-1.426096574,-1.620295408,-0.780067396,0
-1.334269417,-1.713553096,-0.780067396,0
-1.24244226,-1.806810784,-0.780067396,0
-1.393931069,-1.652846275,-0.780067396,0
-1.302103912,-1.746103963,-0.780067396,0
-1.210276755,-1.839361651,-0.780067396,0
-1.361765564,-1.685397142,-0.780067396,0
-1.269938407,-1.77865483,-0.780067396,0
-1.17811125,-1.871912518,-0.780067396,0
0.365108884,-0.919512813,-0.780067396,0
0.816284551,-1.248754869,-0.780067396,1
1.267460218,-1.577996925,-0.780067396,2
0.397274389,-0.95206368,-0.780067396,0
1.207798566,-1.517290104,-0.780067396,2
1.658974233,-1.84653216,-0.780067396,3
0.429439894,-0.984614547,-0.780067396,0
1.239964071,-1.549840971,-0.780067396,2
1.691139738,-1.879083027,-0.780067396,3
1.260711613,-0.569121516,-0.780067396,0
1.71188728,-0.898363572,-0.780067396,1
2.163062947,-1.227605627,-0.780067396,2
1.292877118,-0.601672383,-0.780067396,0
2.103401295,-1.166898807,-0.780067396,2
2.554576962,-1.496140862,-0.780067396,3
1.325042623,-0.63422325,-0.780067396,0
2.1355668,-1.199449674,-0.780067396,2
2.586742467,-1.528691729,-0.780067396,3
-1.386167841,-1.766343209,-0.598890452,0
-1.294340684,-1.859600897,-0.598890452,0
-1.202513527,-1.952858585,-0.598890452,0
-1.354002336,-1.798894076,-0.598890452,0
-1.262175179,-1.892151764,-0.598890452,0
-1.170348022,-1.985409452,-0.598890452,0
-1.321836831,-1.831444943,-0.598890452,0
-1.230009674,-1.924702631,-0.598890452,0
-1.138182517,-2.017960319,-0.598890452,0
0.405037617,-1.065560614,-0.598890452,0
0.856213284,-1.39480267,-0.598890452,1
1.307388951,-1.724044726,-0.598890452,2
0.437203122,-1.098111481,-0.598890452,0
1.247727299,-1.663337905,-0.598890452,2
1.698902966,-1.992579961,-0.598890452,3
0.469368627,-1.130662348,-0.598890452,0
1.279892804,-1.695888772,-0.598890452,2
1.731068471,-2.025130828,-0.598890452,3
1.300640346,-0.715169317,-0.598890452,0
1.751816013,-1.044411372,-0.598890452,1
2.20299168,-1.373653428,-0.598890452,2
1.332805851,-0.747720184,-0.598890452,0
2.143330028,-1.312946607,-0.598890452,2
2.594505695,-1.642188663,-0.598890452,3
1.364971356,-0.780271051,-0.598890452,0
2.175495533,-1.345497474,-0.598890452,2
2.6266712,-1.67473953,-0.598890452,3
-1.776134063,-0.32916661,1.796671356,0
-1.684306906,-0.422424298,1.796671356,0
-1.592479749,-0.515681985,1.796671356,0
-1.743968558,-0.361717477,1.796671356,0
-1.652141401,-0.454975165,1.796671356,0
-1.560314244,-0.548232852,1.796671356,0
-1.711803053,-0.394268344,1.796671356,0
-1.619975896,-0.487526032,1.796671356,0
-1.528148739,-0.580783719,1.796671356,0
0.015071395,0.371615985,1.796671356,0
0.106898552,0.278358297,1.796671356,0
0.558074219,-0.050883759,1.796671356,1
0.0472369,0.339065118,1.796671356,0
0.139064057,0.24580743,1.796671356,0
0.590239724,-0.083434626,1.796671356,1
0.079402405,0.306514251,1.796671356,0
0.530578072,-0.022727805,1.796671356,1
0.622405229,-0.115985493,1.796671356,1
0.910674124,0.722007282,1.796671356,0
1.002501281,0.628749595,1.796671356,0
1.094328438,0.535491907,1.796671356,0
0.942839629,0.689456415,1.796671356,0
1.034666786,0.596198728,1.796671356,0
1.485842453,0.266956672,1.796671356,1
0.975005134,0.656905548,1.796671356,0
1.426180801,0.327663493,1.796671356,1
1.518007958,0.234405805,1.796671356,1
-1.73620533,-0.475214411,1.9778483,0
-1.644378173,-0.568472098,1.9778483,0
-1.552551016,-0.661729786,1.9778483,0
-1.704039825,-0.507765278,1.9778483,0
-1.612212668,-0.601022965,1.9778483,0
-1.520385511,-0.694280653,1.9778483,0
-1.67187432,-0.540316145,1.9778483,0
-1.580047163,-0.633573832,1.9778483,0
-1.488220006,-0.72683152,1.9778483,0
0.055000128,0.225568184,1.9778483,0
0.146827285,0.132310496,1.9778483,0
0.598002952,-0.196931559,1.9778483,1
0.087165633,0.193017317,1.9778483,0
0.17899279,0.099759629,1.9778483,0
0.630168457,-0.229482426,1.9778483,1
0.119331138,0.16046645,1.9778483,0
0.570506805,-0.168775606,1.9778483,1
0.662333962,-0.262033293,1.9778483,1
0.950602857,0.575959482,1.9778483,0
1.042430014,0.482701794,1.9778483,0
1.493605681,0.153459738,1.9778483,1
0.982768362,0.543408615,1.9778483,0
1.433944029,0.214166559,1.9778483,1
1.525771186,0.120908871,1.9778483,1
1.014933867,0.510857748,1.9778483,0
1.466109534,0.181615692,1.9778483,1
1.557936691,0.088358004,1.9778483,1
-1.696276597,-0.621262211,2.159025243,0
-1.60444944,-0.714519899,2.159025243,0
-1.512622283,-0.807777587,2.159025243,0
-1.664111092,-0.653813078,2.159025243,0
-1.572283935,-0.747070766,2.159025243,0
-1.480456778,-0.840328454,2.159025243,0
-1.631945587,-0.686363945,2.159025243,0
-1.54011843,-0.779621633,2.159025243,0
-1.448291273,-0.872879321,2.159025243,0
0.094928861,0.079520383,2.159025243,0
0.186756018,-0.013737304,2.159025243,0
0.637931685,-0.34297936,2.159025243,1
0.127094366,0.046969516,2.159025243,0
0.578270033,-0.282272539,2.159025243,1
0.67009719,-0.375530227,2.159025243,1
0.159259871,0.014418649,2.159025243,0
0.610435538,-0.314823406,2.159025243,1
0.702262695,-0.408081094,2.159025243,1
0.99053159,0.429911681,2.159025243,0
1.082358747,0.336653993,2.159025243,0
1.533534414,0.007411937,2.159025243,1
1.022697095,0.397360814,2.159025243,0
1.473872762,0.068118758,2.159025243,1
1.565699919,-0.02513893,2.159025243,1
1.0548626,0.364809947,2.159025243,0
1.506038267,0.035567891,2.159025243,1
1.597865424,-0.057689797,2.159025243,1
-1.656347864,-0.767310012,2.340202187,0
-1.564520707,-0.8605677,2.340202187,0
-1.47269355,-0.953825388,2.340202187,0
-1.624182359,-0.799860879,2.340202187,0
-1.532355202,-0.893118567,2.340202187,0
-1.440528045,-0.986376255,2.340202187,0
-1.592016854,-0.832411746,2.340202187,0
-1.500189697,-0.925669434,2.340202187,0
-1.40836254,-1.018927122,2.340202187,0
0.134857594,-0.066527417,2.340202187,0
0.226684751,-0.159785105,2.340202187,0
0.677860418,-0.489027161,2.340202187,1
0.167023099,-0.099078284,2.340202187,0
0.618198766,-0.42832034,2.340202187,1
0.710025923,-0.521578028,2.340202187,1
0.199188604,-0.131629151,2.340202187,0
0.650364271,-0.460871207,2.340202187,1
0.742191428,-0.554128895,2.340202187,1
1.030460323,0.28386388,2.340202187,0
1.12228748,0.190606192,2.340202187,0
1.573463147,-0.138635864,2.340202187,1
1.062625828,0.251313013,2.340202187,0
1.513801495,-0.077929043,2.340202187,1
1.605628652,-0.171186731,2.340202187,1
1.094791333,0.218762146,2.340202187,0
1.545967,-0.11047991,2.340202187,1
1.637794157,-0.203737598,2.340202187,1
-1.624084616,-0.891677647,1.016603961,0
-1.532257459,-0.984935335,1.016603961,0
-1.440430302,-1.078193023,1.016603961,0
-1.591919111,-0.924228514,1.016603961,0
-1.500091954,-1.017486202,1.016603961,0
-1.408264797,-1.11074389,1.016603961,0
-1.559753606,-0.956779381,1.016603961,0
-1.467926449,-1.050037069,1.016603961,0
-1.376099292,-1.143294757,1.016603961,0
0.167120842,-0.190895053,1.016603961,0
0.618296509,-0.520137108,1.016603961,1
0.710123666,-0.613394796,1.016603961,1
0.199286347,-0.22344592,1.016603961,0
0.650462014,-0.552687975,1.016603961,1
0.742289171,-0.645945663,1.016603961,1
0.231451852,-0.255996787,1.016603961,0
0.682627519,-0.585238842,1.016603961,1
1.493151696,-1.150465266,1.016603961,3
1.062723571,0.159496245,1.016603961,0
1.154550728,0.066238557,1.016603961,0
1.246377885,-0.027019131,1.016603961,0
1.094889076,0.126945378,1.016603961,0
1.546064743,-0.202296678,1.016603961,1
1.6378919,-0.295554366,1.016603961,1
1.127054581,0.094394511,1.016603961,0
1.578230248,-0.234847545,1.016603961,1
2.388754425,-0.800073969,1.016603961,3
-1.584155883,-1.037725448,1.197780904,0
-1.492328726,-1.130983136,1.197780904,0
-1.400501569,-1.224240824,1.197780904,0
-1.551990378,-1.070276315,1.197780904,0
-1.460163221,-1.163534003,1.197780904,0
-1.368336064,-1.256791691,1.197780904,0
-1.519824873,-1.102827182,1.197780904,0
-1.427997716,-1.19608487,1.197780904,0
-1.336170559,-1.289342558,1.197780904,0
0.207049575,-0.336942853,1.197780904,0
0.658225242,-0.666184909,1.197780904,1
0.750052399,-0.759442597,1.197780904,1
0.23921508,-0.36949372,1.197780904,0
0.690390747,-0.698735776,1.197780904,1
0.782217904,-0.791993464,1.197780904,1
0.271380585,-0.402044587,1.197780904,0
0.722556252,-0.731286643,1.197780904,1
1.533080429,-1.296513067,1.197780904,3
1.102652304,0.013448444,1.197780904,0
1.553827971,-0.315793612,1.197780904,1
1.645655128,-0.4090513,1.197780904,1
1.134817809,-0.019102423,1.197780904,0
1.585993476,-0.348344479,1.197780904,1
2.396517653,-0.913570902,1.197780904,3
1.166983314,-0.05165329,1.197780904,0
1.618158981,-0.380895346,1.197780904,1
2.428683158,-0.946121769,1.197780904,3
-1.54422715,-1.183773249,1.378957848,0
-1.452399993,-1.277030937,1.378957848,0
-1.360572836,-1.370288625,1.378957848,0
-1.512061645,-1.216324116,1.378957848,0
-1.420234488,-1.309581804,1.378957848,0
-1.328407331,-1.402839492,1.378957848,0
-1.47989614,-1.248874983,1.378957848,0
-1.388068983,-1.342132671,1.378957848,0
-1.296241826,-1.435390359,1.378957848,0
0.246978308,-0.482990654,1.378957848,0
0.698153975,-0.81223271,1.378957848,1
0.789981132,-0.905490398,1.378957848,1
0.279143813,-0.515541521,1.378957848,0
0.73031948,-0.844783577,1.378957848,1
1.540843657,-1.410010001,1.378957848,3
0.311309318,-0.548092388,1.378957848,0
0.762484985,-0.877334444,1.378957848,1
1.573009162,-1.442560868,1.378957848,3
1.142581037,-0.132599357,1.378957848,0
1.593756704,-0.461841412,1.378957848,1
1.685583861,-0.5550991,1.378957848,1
1.174746542,-0.165150224,1.378957848,0
1.625922209,-0.494392279,1.378957848,1
2.436446386,-1.059618703,1.378957848,3
1.206912047,-0.197701091,1.378957848,0
1.658087714,-0.526943146,1.378957848,1
2.468611891,-1.09216957,1.378957848,3
-1.504298417,-1.32982105,1.560134791,0
-1.41247126,-1.423078738,1.560134791,0
-1.320644103,-1.516336425,1.560134791,0
-1.472132912,-1.362371917,1.560134791,0
-1.380305755,-1.455629605,1.560134791,0
-1.288478598,-1.548887292,1.560134791,0
-1.439967407,-1.394922784,1.560134791,0
-1.34814025,-1.488180472,1.560134791,0
-1.256313093,-1.581438159,1.560134791,0
0.286907041,-0.629038455,1.560134791,0
0.738082708,-0.958280511,1.560134791,1
0.829909865,-1.051538199,1.560134791,1
0.319072546,-0.661589322,1.560134791,0
0.770248213,-0.990831378,1.560134791,1
1.58077239,-1.556057801,1.560134791,3
0.351238051,-0.694140189,1.560134791,0
0.802413718,-1.023382245,1.560134791,1
1.612937895,-1.588608668,1.560134791,3
1.18250977,-0.278647158,1.560134791,0
1.633685437,-0.607889213,1.560134791,1
1.725512594,-0.701146901,1.560134791,1
1.214675275,-0.311198025,1.560134791,0
1.665850942,-0.64044008,1.560134791,1
2.476375119,-1.205666504,1.560134791,3
1.24684078,-0.343748892,1.560134791,0
1.698016447,-0.672990947,1.560134791,1
2.508540624,-1.238217371,1.560134791,3
-1.472035169,-1.454188685,0.236536565,0
-1.380208012,-1.547446373,0.236536565,0
-1.288380855,-1.64070406,0.236536565,0
-1.439869664,-1.486739552,0.236536565,0
-1.348042507,-1.57999724,0.236536565,0
-1.25621535,-1.673254927,0.236536565,0
-1.407704159,-1.519290419,0.236536565,0
-1.315877002,-1.612548107,0.236536565,0
-1.224049845,-1.705805794,0.236536565,0
0.319170289,-0.75340609,0.236536565,0
0.770345956,-1.082648146,0.236536565,1
1.221521623,-1.411890202,0.236536565,2
0.351335794,-0.785956957,0.236536565,0
0.802511461,-1.115199013,0.236536565,1
1.253687128,-1.444441069,0.236536565,2
0.383501299,-0.818507824,0.236536565,0
1.194025476,-1.383734248,0.236536565,2
1.645201143,-1.712976303,0.236536565,3
1.214773018,-0.403014793,0.236536565,0
1.306600175,-0.49627248,0.236536565,0
1.398427332,-0.589530168,0.236536565,0
1.246938523,-0.43556566,0.236536565,0
1.69811419,-0.764807715,0.236536565,1
2.149289857,-1.094049771,0.236536565,2
1.279104028,-0.468116527,0.236536565,0
2.089628205,-1.03334295,0.236536565,2
2.540803872,-1.362585006,0.236536565,3
-1.432106436,-1.600236486,0.417713509,0
-1.340279279,-1.693494173,0.417713509,0
-1.248452122,-1.786751861,0.417713509,0
-1.399940931,-1.632787353,0.417713509,0
-1.308113774,-1.72604504,0.417713509,0
-1.216286617,-1.819302728,0.417713509,0
-1.367775426,-1.66533822,0.417713509,0
-1.275948269,-1.758595907,0.417713509,0
-1.184121112,-1.851853595,0.417713509,0
0.359099022,-0.899453891,0.417713509,0
0.810274689,-1.228695947,0.417713509,1
1.261450356,-1.557938002,0.417713509,2
0.391264527,-0.932004758,0.417713509,0
0.842440194,-1.261246814,0.417713509,1
1.293615861,-1.590488869,0.417713509,2
0.423430032,-0.964555625,0.417713509,0
1.233954209,-1.529782049,0.417713509,2
1.685129876,-1.859024104,0.417713509,3
1.254701751,-0.549062593,0.417713509,0
1.705877418,-0.878304649,0.417713509,1
2.157053085,-1.207546705,0.417713509,2
1.286867256,-0.58161346,0.417713509,0
2.097391433,-1.146839884,0.417713509,2
2.548567101,-1.47608194,0.417713509,3
1.319032761,-0.614164327,0.417713509,0
2.129556938,-1.179390751,0.417713509,2
2.580732605,-1.508632807,0.417713509,3
-1.392177703,-1.746284286,0.598890452,0
-1.300350546,-1.839541974,0.598890452,0
-1.208523389,-1.932799662,0.598890452,0
-1.360012198,-1.778835153,0.598890452,0
-1.268185041,-1.872092841,0.598890452,0
-1.176357884,-1.965350529,0.598890452,0
-1.327846693,-1.81138602,0.598890452,0
-1.236019536,-1.904643708,0.598890452,0
-1.144192379,-1.997901396,0.598890452,0
0.399027755,-1.045501692,0.598890452,0
0.850203422,-1.374743747,0.598890452,1
1.301379089,-1.703985803,0.598890452,2
0.43119326,-1.078052559,0.598890452,0
1.241717438,-1.643278982,0.598890452,2
1.692893105,-1.972521038,0.598890452,3
0.463358765,-1.110603426,0.598890452,0
1.273882942,-1.675829849,0.598890452,2
1.72505861,-2.005071905,0.598890452,3
1.294630484,-0.695110394,0.598890452,0
1.745806151,-1.02435245,0.598890452,1
2.196981818,-1.353594506,0.598890452,2
1.326795989,-0.727661261,0.598890452,0
2.137320166,-1.292887685,0.598890452,2
2.588495834,-1.622129741,0.598890452,3
1.358961494,-0.760212128,0.598890452,0
2.169485671,-1.325438552,0.598890452,2
2.620661338,-1.654680608,0.598890452,3
-1.35224897,-1.892332087,0.780067396,0
-1.260421813,-1.985589775,0.780067396,0
-1.168594656,-2.078847463,0.780067396,0
-1.320083465,-1.924882954,0.780067396,0
-1.228256308,-2.018140642,0.780067396,0
-1.136429151,-2.11139833,0.780067396,0
-1.28791796,-1.957433821,0.780067396,0
-1.196090803,-2.050691509,0.780067396,0
-1.104263646,-2.143949197,0.780067396,0
0.438956488,-1.191549492,0.780067396,0
0.890132155,-1.520791548,0.780067396,1
1.341307822,-1.850033604,0.780067396,2
0.471121993,-1.224100359,0.780067396,0
1.281646171,-1.789326783,0.780067396,2
1.732821838,-2.118568839,0.780067396,3
0.503287498,-1.256651226,0.780067396,0
1.313811675,-1.82187765,0.780067396,2
1.764987343,-2.151119706,0.780067396,3
1.334559217,-0.841158195,0.780067396,0
1.785734884,-1.170400251,0.780067396,1
2.236910551,-1.499642307,0.780067396,2
1.366724722,-0.873709062,0.780067396,0
2.177248899,-1.438935486,0.780067396,2
2.628424567,-1.768177541,0.780067396,3
1.398890227,-0.906259929,0.780067396,0
2.209414404,-1.471486353,0.780067396,2
2.660590071,-1.800728408,0.780067396,3
-1.319985721,-2.016699722,-0.54353083,0
-1.228158565,-2.10995741,-0.54353083,0
-1.136331408,-2.203215098,-0.54353083,0
-1.287820217,-2.049250589,-0.54353083,0
-1.19599306,-2.142508277,-0.54353083,0
-1.104165903,-2.235765965,-0.54353083,0
-1.255654712,-2.081801456,-0.54353083,0
-1.163827555,-2.175059144,-0.54353083,0
-1.072000398,-2.268316832,-0.54353083,0
0.471219736,-1.315917128,-0.54353083,0
0.922395404,-1.645159183,-0.54353083,1
1.373571071,-1.974401239,-0.54353083,2
0.503385241,-1.348467995,-0.54353083,0
0.954560908,-1.67771005,-0.54353083,1
1.405736576,-2.006952106,-0.54353083,2
0.535550746,-1.381018862,-0.54353083,0
1.346074924,-1.946245285,-0.54353083,2
1.797250591,-2.275487341,-0.54353083,3
1.366822465,-0.96552583,-0.54353083,0
1.458649622,-1.058783518,-0.54353083,0
1.550476779,-1.152041206,-0.54353083,0
1.39898797,-0.998076697,-0.54353083,0
1.850163637,-1.327318753,-0.54353083,1
2.301339304,-1.656560809,-0.54353083,2
1.431153475,-1.030627564,-0.54353083,0
2.241677653,-1.595853988,-0.54353083,2
2.69285332,-1.925096044,-0.54353083,3
-1.280056988,-2.162747523,-0.362353887,0
-1.188229832,-2.256005211,-0.362353887,0
-1.096402675,-2.349262899,-0.362353887,0
-1.247891484,-2.19529839,-0.362353887,0
-1.156064327,-2.288556078,-0.362353887,0
-1.06423717,-2.381813766,-0.362353887,0
-1.215725979,-2.227849257,-0.362353887,0
-1.123898822,-2.321106945,-0.362353887,0
-1.032071665,-2.414364633,-0.362353887,0
0.511148469,-1.461964928,-0.362353887,0
0.962324137,-1.791206984,-0.362353887,1
1.413499804,-2.12044904,-0.362353887,2
0.543313974,-1.494515795,-0.362353887,0
0.994489641,-1.823757851,-0.362353887,1
1.445665309,-2.152999907,-0.362353887,2
0.575479479,-1.527066662,-0.362353887,0
1.386003657,-2.092293086,-0.362353887,2
1.837179324,-2.421535142,-0.362353887,3
1.406751198,-1.111573631,-0.362353887,0
1.857926866,-1.440815687,-0.362353887,1
2.309102533,-1.770057742,-0.362353887,2
1.438916703,-1.144124498,-0.362353887,0
2.249440881,-1.709350922,-0.362353887,2
2.700616548,-2.038592977,-0.362353887,3
1.471082208,-1.176675365,-0.362353887,0
2.281606386,-1.741901789,-0.362353887,2
2.732782053,-2.071143844,-0.362353887,3
-1.240128255,-2.308795324,-0.181176943,0
-1.148301099,-2.402053012,-0.181176943,0
-1.056473942,-2.4953107,-0.181176943,0
-1.20796275,-2.341346191,-0.181176943,0
-1.116135594,-2.434603879,-0.181176943,0
-1.024308437,-2.527861567,-0.181176943,0
-1.175797246,-2.373897058,-0.181176943,0
-1.083970089,-2.467154746,-0.181176943,0
-0.992142932,-2.560412434,-0.181176943,0
0.551077203,-1.608012729,-0.181176943,0
1.00225287,-1.937254785,-0.181176943,1
1.453428537,-2.266496841,-0.181176943,2
0.583242707,-1.640563596,-0.181176943,0
1.393766885,-2.20579002,-0.181176943,2
1.844942552,-2.535032076,-0.181176943,3
0.615408212,-1.673114463,-0.181176943,0
1.42593239,-2.238340887,-0.181176943,2
1.877108057,-2.567582943,-0.181176943,3
1.446679931,-1.257621432,-0.181176943,0
1.897855599,-1.586863488,-0.181176943,1
2.349031266,-1.916105543,-0.181176943,2
1.478845436,-1.290172299,-0.181176943,0
2.289369614,-1.855398722,-0.181176943,2
2.740545281,-2.184640778,-0.181176943,3
1.511010941,-1.322723166,-0.181176943,0
2.321535119,-1.887949589,-0.181176943,2
2.772710786,-2.217191645,-0.181176943,3
-1.200199522,-2.454843125,-1.89E-13,0
-1.108372365,-2.548100813,-1.89E-13,0
-1.016545209,-2.6413585,-1.88E-13,0
-1.168034017,-2.487393992,-1.89E-13,0
-1.076206861,-2.58065168,-1.89E-13,0
-0.984379704,-2.673909367,-1.88E-13,0
-1.135868513,-2.519944859,-1.89E-13,0
-1.044041356,-2.613202547,-1.89E-13,0
-0.952214199,-2.706460234,-1.88E-13,0
0.591005936,-1.75406053,-1.89E-13,0
1.042181603,-2.083302586,-1.89E-13,1
1.49335727,-2.412544641,-1.90E-13,2
0.62317144,-1.786611397,-1.89E-13,0
1.433695618,-2.351837821,-1.90E-13,2
1.884871285,-2.681079876,-1.90E-13,3
0.655336945,-1.819162264,-1.89E-13,0
1.465861123,-2.384388688,-1.90E-13,2
1.91703679,-2.713630743,-1.90E-13,3
1.486608664,-1.403669233,-1.90E-13,0
1.937784332,-1.732911288,-1.90E-13,1
2.388959999,-2.062153344,-1.90E-13,2
1.518774169,-1.4362201,-1.90E-13,0
2.329298347,-2.001446523,-1.90E-13,2
2.780474014,-2.330688579,-1.91E-13,3
1.550939674,-1.468770967,-1.90E-13,0
2.361463852,-2.03399739,-1.90E-13,2
2.812639519,-2.363239446,-1.91E-13,3
