,Cost,Space,Safety,Acceptability
0,15,0.0,1,0
1,15,0.0,2,0
2,15,1.0,0,0
3,15,1.0,1,0
4,15,1.0,2,0
5,15,2.0,0,0
6,15,2.0,1,0
7,15,2.0,2,0
8,15,3.0,0,0
9,15,3.0,1,0
10,15,3.0,2,0
11,15,4.0,0,0
12,15,4.0,1,0
13,15,4.0,2,0
14,15,5.0,0,0
15,15,5.0,1,0
16,15,5.0,2,0
17,15,6.0,0,0
18,15,6.0,1,0
19,15,6.0,2,0
20,15,7.0,0,0
21,15,7.0,1,0
22,15,7.0,2,0
23,15,8.0,0,0
24,15,8.0,1,0
25,15,8.0,2,0
26,15,9.0,0,0
27,15,9.0,1,0
28,15,9.0,2,0
29,15,10.0,0,0
30,15,10.0,1,0
31,15,10.0,2,0
32,15,11.0,0,0
33,15,11.0,1,0
34,15,11.0,2,0
35,15,12.0,0,0
36,15,12.0,1,0
37,15,12.0,2,0
38,15,13.0,0,0
39,15,13.0,1,0
40,15,13.0,2,0
41,15,14.0,0,0
42,15,14.0,1,0
43,15,14.0,2,0
44,15,15.0,0,0
45,15,15.0,1,0
46,15,15.0,2,0
47,15,16.0,0,0
48,15,16.0,1,0
49,15,16.0,2,0
50,15,17.0,0,0
51,15,17.0,1,0
52,15,17.0,2,0
53,15,18.0,0,0
54,15,18.0,1,0
55,15,18.0,2,0
56,15,19.0,0,0
57,15,19.0,1,0
58,15,19.0,2,0
59,15,20.0,0,0
60,15,20.0,1,0
61,15,20.0,2,0
62,15,21.0,0,0
63,15,21.0,1,0
64,15,21.0,2,0
65,15,22.0,0,0
66,15,22.0,1,0
67,15,22.0,2,0
68,15,23.0,0,0
69,15,23.0,1,0
70,15,23.0,2,0
71,15,24.0,0,0
72,15,24.0,1,0
73,15,24.0,2,0
74,15,25.0,0,0
75,15,25.0,1,0
76,15,25.0,2,0
77,15,26.0,0,0
78,15,26.0,1,0
79,15,26.0,2,0
80,15,27.0,0,0
81,15,27.0,1,0
82,15,27.0,2,0
83,15,28.0,0,0
84,15,28.0,1,0
85,15,28.0,2,0
86,15,29.0,0,0
87,15,29.0,1,0
88,15,29.0,2,0
89,15,30.0,0,0
90,15,30.0,1,0
91,15,30.0,2,0
92,15,31.0,0,0
93,15,31.0,1,0
94,15,31.0,2,0
95,15,32.0,0,0
96,15,32.0,1,0
97,15,32.0,2,0
98,15,33.0,0,0
99,15,33.0,1,0
100,15,33.0,2,0
101,15,34.0,0,0
102,15,34.0,1,0
103,15,34.0,2,0
104,15,35.0,0,0
105,15,35.0,1,0
106,15,35.0,2,0
107,14,0.0,0,0
108,14,0.0,1,0
109,14,0.0,2,0
110,14,1.0,0,0
111,14,1.0,1,0
112,14,1.0,2,0
113,14,2.0,0,0
114,14,2.0,1,0
115,14,2.0,2,0
116,14,3.0,0,0
117,14,3.0,1,0
118,14,3.0,2,0
119,14,4.0,0,0
120,14,4.0,1,0
121,14,4.0,2,0
122,14,5.0,0,0
123,14,5.0,1,0
124,14,5.0,2,0
125,14,6.0,0,0
126,14,6.0,1,0
127,14,6.0,2,0
128,14,7.0,0,0
129,14,7.0,1,0
130,14,7.0,2,0
131,14,8.0,0,0
132,14,8.0,1,0
133,14,8.0,2,0
134,14,9.0,0,0
135,14,9.0,1,0
136,14,9.0,2,0
137,14,10.0,0,0
138,14,10.0,1,0
139,14,10.0,2,0
140,14,11.0,0,0
141,14,11.0,1,0
142,14,11.0,2,0
143,14,12.0,0,0
144,14,12.0,1,0
145,14,12.0,2,0
146,14,13.0,0,0
147,14,13.0,1,0
148,14,13.0,2,0
149,14,14.0,0,0
150,14,14.0,1,0
151,14,14.0,2,0
152,14,15.0,0,0
153,14,15.0,1,0
154,14,15.0,2,0
155,14,16.0,0,0
156,14,16.0,1,0
157,14,16.0,2,0
158,14,17.0,0,0
159,14,17.0,1,0
160,14,17.0,2,0
161,14,18.0,0,0
162,14,18.0,1,0
163,14,18.0,2,0
164,14,19.0,0,0
165,14,19.0,1,0
166,14,19.0,2,0
167,14,20.0,0,0
168,14,20.0,1,0
169,14,20.0,2,0
170,14,21.0,0,0
171,14,21.0,1,0
172,14,21.0,2,0
173,14,22.0,0,0
174,14,22.0,1,0
175,14,22.0,2,0
176,14,23.0,0,0
177,14,23.0,1,0
178,14,23.0,2,0
179,14,24.0,0,0
180,14,24.0,1,0
181,14,24.0,2,0
182,14,25.0,0,0
183,14,25.0,1,0
184,14,25.0,2,0
185,14,26.0,0,0
186,14,26.0,1,0
187,14,26.0,2,0
188,14,27.0,0,0
189,14,27.0,1,0
190,14,27.0,2,0
191,14,28.0,0,0
192,14,28.0,1,0
193,14,28.0,2,0
194,14,29.0,0,0
195,14,29.0,1,0
196,14,29.0,2,0
197,14,30.0,0,0
198,14,30.0,1,0
199,14,30.0,2,0
200,14,31.0,0,0
201,14,31.0,1,0
202,14,31.0,2,0
203,14,32.0,0,0
204,14,32.0,1,0
205,14,32.0,2,0
206,14,33.0,0,0
207,14,33.0,1,0
208,14,33.0,2,0
209,14,34.0,0,0
210,14,34.0,1,0
211,14,34.0,2,0
212,14,35.0,0,0
213,14,35.0,1,0
214,14,35.0,2,0
215,13,0.0,0,0
216,13,0.0,1,0
217,13,0.0,2,0
218,13,1.0,0,0
219,13,1.0,1,0
220,13,1.0,2,0
221,13,2.0,0,0
222,13,2.0,1,0
223,13,2.0,2,0
224,13,3.0,0,0
225,13,3.0,1,0
226,13,3.0,2,1
227,13,4.0,0,0
228,13,4.0,1,0
229,13,4.0,2,1
230,13,5.0,0,0
231,13,5.0,1,1
232,13,5.0,2,1
233,13,6.0,0,0
234,13,6.0,1,0
235,13,6.0,2,0
236,13,7.0,0,0
237,13,7.0,1,0
238,13,7.0,2,1
239,13,8.0,0,0
240,13,8.0,1,1
241,13,8.0,2,1
242,13,9.0,0,0
243,13,9.0,1,0
244,13,9.0,2,0
245,13,10.0,0,0
246,13,10.0,1,0
247,13,10.0,2,0
248,13,11.0,0,0
249,13,11.0,1,0
250,13,11.0,2,0
251,13,12.0,0,0
252,13,12.0,1,0
253,13,12.0,2,1
254,13,13.0,0,0
255,13,13.0,1,0
256,13,13.0,2,1
257,13,14.0,0,0
258,13,14.0,1,1
259,13,14.0,2,1
260,13,15.0,0,0
261,13,15.0,1,0
262,13,15.0,2,1
263,13,16.0,0,0
264,13,16.0,1,1
265,13,16.0,2,1
266,13,17.0,0,0
267,13,17.0,1,1
268,13,17.0,2,1
269,13,18.0,0,0
270,13,18.0,1,0
271,13,18.0,2,0
272,13,19.0,0,0
273,13,19.0,1,0
274,13,19.0,2,0
275,13,20.0,0,0
276,13,20.0,1,0
277,13,20.0,2,0
278,13,21.0,0,0
279,13,21.0,1,0
280,13,21.0,2,1
281,13,22.0,0,0
282,13,22.0,1,1
283,13,22.0,2,1
284,13,23.0,0,0
285,13,23.0,1,1
286,13,23.0,2,1
287,13,24.0,0,0
288,13,24.0,1,0
289,13,24.0,2,1
290,13,25.0,0,0
291,13,25.0,1,1
292,13,25.0,2,1
293,13,26.0,0,0
294,13,26.0,1,1
295,13,26.0,2,1
296,13,27.0,0,0
297,13,27.0,1,0
298,13,27.0,2,0
299,13,28.0,0,0
300,13,28.0,1,0
301,13,28.0,2,0
302,13,29.0,0,0
303,13,29.0,1,0
304,13,29.0,2,0
305,13,30.0,0,0
306,13,30.0,1,0
307,13,30.0,2,1
308,13,31.0,0,0
309,13,31.0,1,1
310,13,31.0,2,1
311,13,32.0,0,0
312,13,32.0,1,1
313,13,32.0,2,1
314,13,33.0,0,0
315,13,33.0,1,0
316,13,33.0,2,1
317,13,34.0,0,0
318,13,34.0,1,1
319,13,34.0,2,1
320,13,35.0,0,0
321,13,35.0,1,1
322,13,35.0,2,1
323,12,0.0,0,0
324,12,0.0,1,0
325,12,0.0,2,0
326,12,1.0,0,0
327,12,1.0,1,0
328,12,1.0,2,0
329,12,2.0,0,0
330,12,2.0,1,0
331,12,2.0,2,0
332,12,3.0,0,0
333,12,3.0,1,0
334,12,3.0,2,1
335,12,4.0,0,0
336,12,4.0,1,0
337,12,4.0,2,1
338,12,5.0,0,0
339,12,5.0,1,1
340,12,5.0,2,1
341,12,6.0,0,0
342,12,6.0,1,0
343,12,6.0,2,0
344,12,7.0,0,0
345,12,7.0,1,0
346,12,7.0,2,1
347,12,8.0,0,0
348,12,8.0,1,1
349,12,8.0,2,1
350,12,9.0,0,0
351,12,9.0,1,0
352,12,9.0,2,0
353,12,10.0,0,0
354,12,10.0,1,0
355,12,10.0,2,0
356,12,11.0,0,0
357,12,11.0,1,0
358,12,11.0,2,0
359,12,12.0,0,0
360,12,12.0,1,0
361,12,12.0,2,1
362,12,13.0,0,0
363,12,13.0,1,0
364,12,13.0,2,1
365,12,14.0,0,0
366,12,14.0,1,1
367,12,14.0,2,1
368,12,15.0,0,0
369,12,15.0,1,0
370,12,15.0,2,1
371,12,16.0,0,0
372,12,16.0,1,1
373,12,16.0,2,1
374,12,17.0,0,0
375,12,17.0,1,1
376,12,17.0,2,1
377,12,18.0,0,0
378,12,18.0,1,0
379,12,18.0,2,0
380,12,19.0,0,0
381,12,19.0,1,0
382,12,19.0,2,0
383,12,20.0,0,0
384,12,20.0,1,0
385,12,20.0,2,0
386,12,21.0,0,0
387,12,21.0,1,0
388,12,21.0,2,1
389,12,22.0,0,0
390,12,22.0,1,1
391,12,22.0,2,1
392,12,23.0,0,0
393,12,23.0,1,1
394,12,23.0,2,1
395,12,24.0,0,0
396,12,24.0,1,0
397,12,24.0,2,1
398,12,25.0,0,0
399,12,25.0,1,1
400,12,25.0,2,1
401,12,26.0,0,0
402,12,26.0,1,1
403,12,26.0,2,1
404,12,27.0,0,0
405,12,27.0,1,0
406,12,27.0,2,0
407,12,28.0,0,0
408,12,28.0,1,0
409,12,28.0,2,0
410,12,29.0,0,0
411,12,29.0,1,0
412,12,29.0,2,0
413,12,30.0,0,0
414,12,30.0,1,0
415,12,30.0,2,1
416,12,31.0,0,0
417,12,31.0,1,1
418,12,31.0,2,1
419,12,32.0,0,0
420,12,32.0,1,1
421,12,32.0,2,1
422,12,33.0,0,0
423,12,33.0,1,0
424,12,33.0,2,1
425,12,34.0,0,0
426,12,34.0,1,1
427,12,34.0,2,1
428,12,35.0,0,0
429,12,35.0,1,1
430,12,35.0,2,1
431,11,0.0,0,0
432,11,0.0,1,0
433,11,0.0,2,0
434,11,1.0,0,0
435,11,1.0,1,0
436,11,1.0,2,0
437,11,2.0,0,0
438,11,2.0,1,0
439,11,2.0,2,0
440,11,3.0,0,0
441,11,3.0,1,0
442,11,3.0,2,0
443,11,4.0,0,0
444,11,4.0,1,0
445,11,4.0,2,0
446,11,5.0,0,0
447,11,5.0,1,0
448,11,5.0,2,0
449,11,6.0,0,0
450,11,6.0,1,0
451,11,6.0,2,0
452,11,7.0,0,0
453,11,7.0,1,0
454,11,7.0,2,0
455,11,8.0,0,0
456,11,8.0,1,0
457,11,8.0,2,0
458,11,9.0,0,0
459,11,9.0,1,0
460,11,9.0,2,0
461,11,10.0,0,0
462,11,10.0,1,0
463,11,10.0,2,0
464,11,11.0,0,0
465,11,11.0,1,0
466,11,11.0,2,0
467,11,12.0,0,0
468,11,12.0,1,0
469,11,12.0,2,0
470,11,13.0,0,0
471,11,13.0,1,0
472,11,13.0,2,0
473,11,14.0,0,0
474,11,14.0,1,0
475,11,14.0,2,0
476,11,15.0,0,0
477,11,15.0,1,0
478,11,15.0,2,0
479,11,16.0,0,0
480,11,16.0,1,0
481,11,16.0,2,0
482,11,17.0,0,0
483,11,17.0,1,0
484,11,17.0,2,0
485,11,18.0,0,0
486,11,18.0,1,0
487,11,18.0,2,0
488,11,19.0,0,0
489,11,19.0,1,0
490,11,19.0,2,0
491,11,20.0,0,0
492,11,20.0,1,0
493,11,20.0,2,0
494,11,21.0,0,0
495,11,21.0,1,0
496,11,21.0,2,0
497,11,22.0,0,0
498,11,22.0,1,0
499,11,22.0,2,0
500,11,23.0,0,0
501,11,23.0,1,0
502,11,23.0,2,0
503,11,24.0,0,0
504,11,24.0,1,0
505,11,24.0,2,0
506,11,25.0,0,0
507,11,25.0,1,0
508,11,25.0,2,0
509,11,26.0,0,0
510,11,26.0,1,0
511,11,26.0,2,0
512,11,27.0,0,0
513,11,27.0,1,0
514,11,27.0,2,0
515,11,28.0,0,0
516,11,28.0,1,0
517,11,28.0,2,0
518,11,29.0,0,0
519,11,29.0,1,0
520,11,29.0,2,0
521,11,30.0,0,0
522,11,30.0,1,0
523,11,30.0,2,0
524,11,31.0,0,0
525,11,31.0,1,0
526,11,31.0,2,0
527,11,32.0,0,0
528,11,32.0,1,0
529,11,32.0,2,0
530,11,33.0,0,0
531,11,33.0,1,0
532,11,33.0,2,0
533,11,34.0,0,0
534,11,34.0,1,0
535,11,34.0,2,0
536,11,35.0,0,0
537,11,35.0,1,0
538,11,35.0,2,0
539,10,0.0,0,0
540,10,0.0,1,0
541,10,0.0,2,0
542,10,1.0,0,0
543,10,1.0,1,0
544,10,1.0,2,0
545,10,2.0,0,0
546,10,2.0,1,0
547,10,2.0,2,0
548,10,3.0,0,0
549,10,3.0,1,0
550,10,3.0,2,1
551,10,4.0,0,0
552,10,4.0,1,0
553,10,4.0,2,1
554,10,5.0,0,0
555,10,5.0,1,1
556,10,5.0,2,1
557,10,6.0,0,0
558,10,6.0,1,0
559,10,6.0,2,0
560,10,7.0,0,0
561,10,7.0,1,0
562,10,7.0,2,1
563,10,8.0,0,0
564,10,8.0,1,1
565,10,8.0,2,1
566,10,9.0,0,0
567,10,9.0,1,0
568,10,9.0,2,0
569,10,10.0,0,0
570,10,10.0,1,0
571,10,10.0,2,0
572,10,11.0,0,0
573,10,11.0,1,0
574,10,11.0,2,0
575,10,12.0,0,0
576,10,12.0,1,0
577,10,12.0,2,1
578,10,13.0,0,0
579,10,13.0,1,0
580,10,13.0,2,1
581,10,14.0,0,0
582,10,14.0,1,1
583,10,14.0,2,1
584,10,15.0,0,0
585,10,15.0,1,0
586,10,15.0,2,1
587,10,16.0,0,0
588,10,16.0,1,1
589,10,16.0,2,1
590,10,17.0,0,0
591,10,17.0,1,1
592,10,17.0,2,1
593,10,18.0,0,0
594,10,18.0,1,0
595,10,18.0,2,0
596,10,19.0,0,0
597,10,19.0,1,0
598,10,19.0,2,0
599,10,20.0,0,0
600,10,20.0,1,0
601,10,20.0,2,0
602,10,21.0,0,0
603,10,21.0,1,0
604,10,21.0,2,1
605,10,22.0,0,0
606,10,22.0,1,1
607,10,22.0,2,1
608,10,23.0,0,0
609,10,23.0,1,1
610,10,23.0,2,1
611,10,24.0,0,0
612,10,24.0,1,0
613,10,24.0,2,1
614,10,25.0,0,0
615,10,25.0,1,1
616,10,25.0,2,1
617,10,26.0,0,0
618,10,26.0,1,1
619,10,26.0,2,1
620,10,27.0,0,0
621,10,27.0,1,0
622,10,27.0,2,0
623,10,28.0,0,0
624,10,28.0,1,0
625,10,28.0,2,0
626,10,29.0,0,0
627,10,29.0,1,0
628,10,29.0,2,0
629,10,30.0,0,0
630,10,30.0,1,0
631,10,30.0,2,1
632,10,31.0,0,0
633,10,31.0,1,1
634,10,31.0,2,1
635,10,32.0,0,0
636,10,32.0,1,1
637,10,32.0,2,1
638,10,33.0,0,0
639,10,33.0,1,0
640,10,33.0,2,1
641,10,34.0,0,0
642,10,34.0,1,1
643,10,34.0,2,1
644,10,35.0,0,0
645,10,35.0,1,1
646,10,35.0,2,1
647,9,0.0,0,0
648,9,0.0,1,0
649,9,0.0,2,0
650,9,1.0,0,0
651,9,1.0,1,0
652,9,1.0,2,0
653,9,2.0,0,0
654,9,2.0,1,0
655,9,2.0,2,0
656,9,3.0,0,0
657,9,3.0,1,0
658,9,3.0,2,1
659,9,4.0,0,0
660,9,4.0,1,0
661,9,4.0,2,1
662,9,5.0,0,0
663,9,5.0,1,1
664,9,5.0,2,1
665,9,6.0,0,0
666,9,6.0,1,0
667,9,6.0,2,0
668,9,7.0,0,0
669,9,7.0,1,0
670,9,7.0,2,1
671,9,8.0,0,0
672,9,8.0,1,1
673,9,8.0,2,1
674,9,9.0,0,0
675,9,9.0,1,0
676,9,9.0,2,0
677,9,10.0,0,0
678,9,10.0,1,0
679,9,10.0,2,0
680,9,11.0,0,0
681,9,11.0,1,0
682,9,11.0,2,0
683,9,12.0,0,0
684,9,12.0,1,0
685,9,12.0,2,1
686,9,13.0,0,0
687,9,13.0,1,0
688,9,13.0,2,1
689,9,14.0,0,0
690,9,14.0,1,1
691,9,14.0,2,1
692,9,15.0,0,0
693,9,15.0,1,0
694,9,15.0,2,1
695,9,16.0,0,0
696,9,16.0,1,1
697,9,16.0,2,1
698,9,17.0,0,0
699,9,17.0,1,1
700,9,17.0,2,1
701,9,18.0,0,0
702,9,18.0,1,0
703,9,18.0,2,0
704,9,19.0,0,0
705,9,19.0,1,0
706,9,19.0,2,0
707,9,20.0,0,0
708,9,20.0,1,0
709,9,20.0,2,0
710,9,21.0,0,0
711,9,21.0,1,0
712,9,21.0,2,1
713,9,22.0,0,0
714,9,22.0,1,1
715,9,22.0,2,1
716,9,23.0,0,0
717,9,23.0,1,1
718,9,23.0,2,1
719,9,24.0,0,0
720,9,24.0,1,0
721,9,24.0,2,1
722,9,25.0,0,0
723,9,25.0,1,1
724,9,25.0,2,1
725,9,26.0,0,0
726,9,26.0,1,1
727,9,26.0,2,1
728,9,27.0,0,0
729,9,27.0,1,0
730,9,27.0,2,0
731,9,28.0,0,0
732,9,28.0,1,0
733,9,28.0,2,0
734,9,29.0,0,0
735,9,29.0,1,0
736,9,29.0,2,0
737,9,30.0,0,0
738,9,30.0,1,0
739,9,30.0,2,1
740,9,31.0,0,0
741,9,31.0,1,1
742,9,31.0,2,1
743,9,32.0,0,0
744,9,32.0,1,1
745,9,32.0,2,1
746,9,33.0,0,0
747,9,33.0,1,0
748,9,33.0,2,1
749,9,34.0,0,0
750,9,34.0,1,1
751,9,34.0,2,1
752,9,35.0,0,0
753,9,35.0,1,1
754,9,35.0,2,1
755,8,0.0,0,0
756,8,0.0,1,0
757,8,0.0,2,0
758,8,1.0,0,0
759,8,1.0,1,0
760,8,1.0,2,0
761,8,2.0,0,0
762,8,2.0,1,0
763,8,2.0,2,0
764,8,3.0,0,0
765,8,3.0,1,0
766,8,3.0,2,1
767,8,4.0,0,0
768,8,4.0,1,0
769,8,4.0,2,1
770,8,5.0,0,0
771,8,5.0,1,1
772,8,5.0,2,1
773,8,6.0,0,0
774,8,6.0,1,0
775,8,6.0,2,0
776,8,7.0,0,0
777,8,7.0,1,0
778,8,7.0,2,1
779,8,8.0,0,0
780,8,8.0,1,1
781,8,8.0,2,1
782,8,9.0,0,0
783,8,9.0,1,0
784,8,9.0,2,0
785,8,10.0,0,0
786,8,10.0,1,0
787,8,10.0,2,0
788,8,11.0,0,0
789,8,11.0,1,0
790,8,11.0,2,0
791,8,12.0,0,0
792,8,12.0,1,0
793,8,12.0,2,1
794,8,13.0,0,0
795,8,13.0,1,0
796,8,13.0,2,1
797,8,14.0,0,0
798,8,14.0,1,1
799,8,14.0,2,1
800,8,15.0,0,0
801,8,15.0,1,0
802,8,15.0,2,1
803,8,16.0,0,0
804,8,16.0,1,1
805,8,16.0,2,1
806,8,17.0,0,0
807,8,17.0,1,1
808,8,17.0,2,1
809,8,18.0,0,0
810,8,18.0,1,0
811,8,18.0,2,0
812,8,19.0,0,0
813,8,19.0,1,0
814,8,19.0,2,0
815,8,20.0,0,0
816,8,20.0,1,0
817,8,20.0,2,0
818,8,21.0,0,0
819,8,21.0,1,0
820,8,21.0,2,1
821,8,22.0,0,0
822,8,22.0,1,1
823,8,22.0,2,1
824,8,23.0,0,0
825,8,23.0,1,1
826,8,23.0,2,1
827,8,24.0,0,0
828,8,24.0,1,0
829,8,24.0,2,1
830,8,25.0,0,0
831,8,25.0,1,1
832,8,25.0,2,1
833,8,26.0,0,0
834,8,26.0,1,1
835,8,26.0,2,1
836,8,27.0,0,0
837,8,27.0,1,0
838,8,27.0,2,0
839,8,28.0,0,0
840,8,28.0,1,0
841,8,28.0,2,0
842,8,29.0,0,0
843,8,29.0,1,0
844,8,29.0,2,0
845,8,30.0,0,0
846,8,30.0,1,0
847,8,30.0,2,1
848,8,31.0,0,0
849,8,31.0,1,1
850,8,31.0,2,1
851,8,32.0,0,0
852,8,32.0,1,1
853,8,32.0,2,1
854,8,33.0,0,0
855,8,33.0,1,0
856,8,33.0,2,1
857,8,34.0,0,0
858,8,34.0,1,1
859,8,34.0,2,1
860,8,35.0,0,0
861,8,35.0,1,1
862,8,35.0,2,1
863,7,0.0,0,0
864,7,0.0,1,0
865,7,0.0,2,0
866,7,1.0,0,0
867,7,1.0,1,0
868,7,1.0,2,0
869,7,2.0,0,0
870,7,2.0,1,0
871,7,2.0,2,0
872,7,3.0,0,0
873,7,3.0,1,0
874,7,3.0,2,1
875,7,4.0,0,0
876,7,4.0,1,0
877,7,4.0,2,1
878,7,5.0,0,0
879,7,5.0,1,1
880,7,5.0,2,1
881,7,6.0,0,0
882,7,6.0,1,0
883,7,6.0,2,0
884,7,7.0,0,0
885,7,7.0,1,0
886,7,7.0,2,1
887,7,8.0,0,0
888,7,8.0,1,1
889,7,8.0,2,1
890,7,9.0,0,0
891,7,9.0,1,0
892,7,9.0,2,0
893,7,10.0,0,0
894,7,10.0,1,0
895,7,10.0,2,0
896,7,11.0,0,0
897,7,11.0,1,0
898,7,11.0,2,0
899,7,12.0,0,0
900,7,12.0,1,0
901,7,12.0,2,1
902,7,13.0,0,0
903,7,13.0,1,0
904,7,13.0,2,1
905,7,14.0,0,0
906,7,14.0,1,1
907,7,14.0,2,1
908,7,15.0,0,0
909,7,15.0,1,0
910,7,15.0,2,1
911,7,16.0,0,0
912,7,16.0,1,1
913,7,16.0,2,1
914,7,17.0,0,0
915,7,17.0,1,1
916,7,17.0,2,1
917,7,18.0,0,0
918,7,18.0,1,0
919,7,18.0,2,0
920,7,19.0,0,0
921,7,19.0,1,0
922,7,19.0,2,0
923,7,20.0,0,0
924,7,20.0,1,0
925,7,20.0,2,0
926,7,21.0,0,0
927,7,21.0,1,0
928,7,21.0,2,1
929,7,22.0,0,0
930,7,22.0,1,1
931,7,22.0,2,1
932,7,23.0,0,0
933,7,23.0,1,1
934,7,23.0,2,1
935,7,24.0,0,0
936,7,24.0,1,0
937,7,24.0,2,1
938,7,25.0,0,0
939,7,25.0,1,1
940,7,25.0,2,1
941,7,26.0,0,0
942,7,26.0,1,1
943,7,26.0,2,1
944,7,27.0,0,0
945,7,27.0,1,0
946,7,27.0,2,0
947,7,28.0,0,0
948,7,28.0,1,0
949,7,28.0,2,0
950,7,29.0,0,0
951,7,29.0,1,0
952,7,29.0,2,0
953,7,30.0,0,0
954,7,30.0,1,0
955,7,30.0,2,1
956,7,31.0,0,0
957,7,31.0,1,1
958,7,31.0,2,1
959,7,32.0,0,0
960,7,32.0,1,1
961,7,32.0,2,1
962,7,33.0,0,0
963,7,33.0,1,0
964,7,33.0,2,1
965,7,34.0,0,0
966,7,34.0,1,1
967,7,34.0,2,1
968,7,35.0,0,0
969,7,35.0,1,1
970,7,35.0,2,1
971,6,0.0,0,0
972,6,0.0,1,0
973,6,0.0,2,0
974,6,1.0,0,0
975,6,1.0,1,0
976,6,1.0,2,0
977,6,2.0,0,0
978,6,2.0,1,0
979,6,2.0,2,0
980,6,3.0,0,0
981,6,3.0,1,0
982,6,3.0,2,1
983,6,4.0,0,0
984,6,4.0,1,0
985,6,4.0,2,1
986,6,5.0,0,0
987,6,5.0,1,1
988,6,5.0,2,1
989,6,6.0,0,0
990,6,6.0,1,0
991,6,6.0,2,0
992,6,7.0,0,0
993,6,7.0,1,0
994,6,7.0,2,1
995,6,8.0,0,0
996,6,8.0,1,1
997,6,8.0,2,1
998,6,9.0,0,0
999,6,9.0,1,0
1000,6,9.0,2,0
1001,6,10.0,0,0
1002,6,10.0,1,0
1003,6,10.0,2,0
1004,6,11.0,0,0
1005,6,11.0,1,0
1006,6,11.0,2,0
1007,6,12.0,0,0
1008,6,12.0,1,0
1009,6,12.0,2,1
1010,6,13.0,0,0
1011,6,13.0,1,0
1012,6,13.0,2,1
1013,6,14.0,0,0
1014,6,14.0,1,1
1015,6,14.0,2,1
1016,6,15.0,0,0
1017,6,15.0,1,0
1018,6,15.0,2,1
1019,6,16.0,0,0
1020,6,16.0,1,1
1021,6,16.0,2,1
1022,6,17.0,0,0
1023,6,17.0,1,1
1024,6,17.0,2,1
1025,6,18.0,0,0
1026,6,18.0,1,0
1027,6,18.0,2,0
1028,6,19.0,0,0
1029,6,19.0,1,0
1030,6,19.0,2,0
1031,6,20.0,0,0
1032,6,20.0,1,0
1033,6,20.0,2,0
1034,6,21.0,0,0
1035,6,21.0,1,0
1036,6,21.0,2,1
1037,6,22.0,0,0
1038,6,22.0,1,1
1039,6,22.0,2,1
1040,6,23.0,0,0
1041,6,23.0,1,1
1042,6,23.0,2,1
1043,6,24.0,0,0
1044,6,24.0,1,0
1045,6,24.0,2,1
1046,6,25.0,0,0
1047,6,25.0,1,1
1048,6,25.0,2,1
1049,6,26.0,0,0
1050,6,26.0,1,1
1051,6,26.0,2,1
1052,6,27.0,0,0
1053,6,27.0,1,0
1054,6,27.0,2,0
1055,6,28.0,0,0
1056,6,28.0,1,0
1057,6,28.0,2,0
1058,6,29.0,0,0
1059,6,29.0,1,0
1060,6,29.0,2,0
1061,6,30.0,0,0
1062,6,30.0,1,0
1063,6,30.0,2,1
1064,6,31.0,0,0
1065,6,31.0,1,1
1066,6,31.0,2,1
1067,6,32.0,0,0
1068,6,32.0,1,1
1069,6,32.0,2,1
1070,6,33.0,0,0
1071,6,33.0,1,0
1072,6,33.0,2,1
1073,6,34.0,0,0
1074,6,34.0,1,1
1075,6,34.0,2,1
1076,6,35.0,0,0
1077,6,35.0,1,1
1078,6,35.0,2,1
1079,5,0.0,0,0
1080,5,0.0,1,0
1081,5,0.0,2,0
1082,5,1.0,0,0
1083,5,1.0,1,0
1084,5,1.0,2,0
1085,5,2.0,0,0
1086,5,2.0,1,0
1087,5,2.0,2,0
1088,5,3.0,0,0
1089,5,3.0,1,1
1090,5,3.0,2,1
1091,5,4.0,0,0
1092,5,4.0,1,1
1093,5,4.0,2,1
1094,5,5.0,0,0
1095,5,5.0,1,1
1096,5,5.0,2,3
1097,5,6.0,0,0
1098,5,6.0,1,0
1099,5,6.0,2,0
1100,5,7.0,0,0
1101,5,7.0,1,1
1102,5,7.0,2,1
1103,5,8.0,0,0
1104,5,8.0,1,1
1105,5,8.0,2,3
1106,5,9.0,0,0
1107,5,9.0,1,0
1108,5,9.0,2,0
1109,5,10.0,0,0
1110,5,10.0,1,0
1111,5,10.0,2,0
1112,5,11.0,0,0
1113,5,11.0,1,0
1114,5,11.0,2,0
1115,5,12.0,0,0
1116,5,12.0,1,1
1117,5,12.0,2,1
1118,5,13.0,0,0
1119,5,13.0,1,1
1120,5,13.0,2,1
1121,5,14.0,0,0
1122,5,14.0,1,1
1123,5,14.0,2,3
1124,5,15.0,0,0
1125,5,15.0,1,1
1126,5,15.0,2,1
1127,5,16.0,0,0
1128,5,16.0,1,1
1129,5,16.0,2,3
1130,5,17.0,0,0
1131,5,17.0,1,1
1132,5,17.0,2,3
1133,5,18.0,0,0
1134,5,18.0,1,0
1135,5,18.0,2,0
1136,5,19.0,0,0
1137,5,19.0,1,0
1138,5,19.0,2,0
1139,5,20.0,0,0
1140,5,20.0,1,0
1141,5,20.0,2,0
1142,5,21.0,0,0
1143,5,21.0,1,1
1144,5,21.0,2,1
1145,5,22.0,0,0
1146,5,22.0,1,1
1147,5,22.0,2,3
1148,5,23.0,0,0
1149,5,23.0,1,1
1150,5,23.0,2,3
1151,5,24.0,0,0
1152,5,24.0,1,1
1153,5,24.0,2,1
1154,5,25.0,0,0
1155,5,25.0,1,1
1156,5,25.0,2,3
1157,5,26.0,0,0
1158,5,26.0,1,1
1159,5,26.0,2,3
1160,5,27.0,0,0
1161,5,27.0,1,0
1162,5,27.0,2,0
1163,5,28.0,0,0
1164,5,28.0,1,0
1165,5,28.0,2,0
1166,5,29.0,0,0
1167,5,29.0,1,0
1168,5,29.0,2,0
1169,5,30.0,0,0
1170,5,30.0,1,1
1171,5,30.0,2,1
1172,5,31.0,0,0
1173,5,31.0,1,1
1174,5,31.0,2,3
1175,5,32.0,0,0
1176,5,32.0,1,1
1177,5,32.0,2,3
1178,5,33.0,0,0
1179,5,33.0,1,1
1180,5,33.0,2,1
1181,5,34.0,0,0
1182,5,34.0,1,1
1183,5,34.0,2,3
1184,5,35.0,0,0
1185,5,35.0,1,1
1186,5,35.0,2,3
1187,4,0.0,0,0
1188,4,0.0,1,0
1189,4,0.0,2,0
1190,4,1.0,0,0
1191,4,1.0,1,0
1192,4,1.0,2,0
1193,4,2.0,0,0
1194,4,2.0,1,0
1195,4,2.0,2,0
1196,4,3.0,0,0
1197,4,3.0,1,1
1198,4,3.0,2,2
1199,4,4.0,0,0
1200,4,4.0,1,1
1201,4,4.0,2,2
1202,4,5.0,0,0
1203,4,5.0,1,2
1204,4,5.0,2,3
1205,4,6.0,0,0
1206,4,6.0,1,0
1207,4,6.0,2,0
1208,4,7.0,0,0
1209,4,7.0,1,1
1210,4,7.0,2,2
1211,4,8.0,0,0
1212,4,8.0,1,2
1213,4,8.0,2,3
1214,4,9.0,0,0
1215,4,9.0,1,0
1216,4,9.0,2,0
1217,4,10.0,0,0
1218,4,10.0,1,0
1219,4,10.0,2,0
1220,4,11.0,0,0
1221,4,11.0,1,0
1222,4,11.0,2,0
1223,4,12.0,0,0
1224,4,12.0,1,1
1225,4,12.0,2,2
1226,4,13.0,0,0
1227,4,13.0,1,1
1228,4,13.0,2,2
1229,4,14.0,0,0
1230,4,14.0,1,2
1231,4,14.0,2,3
1232,4,15.0,0,0
1233,4,15.0,1,1
1234,4,15.0,2,2
1235,4,16.0,0,0
1236,4,16.0,1,2
1237,4,16.0,2,3
1238,4,17.0,0,0
1239,4,17.0,1,2
1240,4,17.0,2,3
1241,4,18.0,0,0
1242,4,18.0,1,0
1243,4,18.0,2,0
1244,4,19.0,0,0
1245,4,19.0,1,0
1246,4,19.0,2,0
1247,4,20.0,0,0
1248,4,20.0,1,0
1249,4,20.0,2,0
1250,4,21.0,0,0
1251,4,21.0,1,1
1252,4,21.0,2,2
1253,4,22.0,0,0
1254,4,22.0,1,2
1255,4,22.0,2,3
1256,4,23.0,0,0
1257,4,23.0,1,2
1258,4,23.0,2,3
1259,4,24.0,0,0
1260,4,24.0,1,1
1261,4,24.0,2,2
1262,4,25.0,0,0
1263,4,25.0,1,2
1264,4,25.0,2,3
1265,4,26.0,0,0
1266,4,26.0,1,2
1267,4,26.0,2,3
1268,4,27.0,0,0
1269,4,27.0,1,0
1270,4,27.0,2,0
1271,4,28.0,0,0
1272,4,28.0,1,0
1273,4,28.0,2,0
1274,4,29.0,0,0
1275,4,29.0,1,0
1276,4,29.0,2,0
1277,4,30.0,0,0
1278,4,30.0,1,1
1279,4,30.0,2,2
1280,4,31.0,0,0
1281,4,31.0,1,2
1282,4,31.0,2,3
1283,4,32.0,0,0
1284,4,32.0,1,2
1285,4,32.0,2,3
1286,4,33.0,0,0
1287,4,33.0,1,1
1288,4,33.0,2,2
1289,4,34.0,0,0
1290,4,34.0,1,2
1291,4,34.0,2,3
1292,4,35.0,0,0
1293,4,35.0,1,2
1294,4,35.0,2,3
1295,3,0.0,0,0
1296,3,0.0,1,0
1297,3,0.0,2,0
1298,3,1.0,0,0
1299,3,1.0,1,0
1300,3,1.0,2,0
1301,3,2.0,0,0
1302,3,2.0,1,0
1303,3,2.0,2,0
1304,3,3.0,0,0
1305,3,3.0,1,0
1306,3,3.0,2,1
1307,3,4.0,0,0
1308,3,4.0,1,0
1309,3,4.0,2,1
1310,3,5.0,0,0
1311,3,5.0,1,1
1312,3,5.0,2,1
1313,3,6.0,0,0
1314,3,6.0,1,0
1315,3,6.0,2,0
1316,3,7.0,0,0
1317,3,7.0,1,0
1318,3,7.0,2,1
1319,3,8.0,0,0
1320,3,8.0,1,1
1321,3,8.0,2,1
1322,3,9.0,0,0
1323,3,9.0,1,0
1324,3,9.0,2,0
1325,3,10.0,0,0
1326,3,10.0,1,0
1327,3,10.0,2,0
1328,3,11.0,0,0
1329,3,11.0,1,0
1330,3,11.0,2,0
1331,3,12.0,0,0
1332,3,12.0,1,0
1333,3,12.0,2,1
1334,3,13.0,0,0
1335,3,13.0,1,0
1336,3,13.0,2,1
1337,3,14.0,0,0
1338,3,14.0,1,1
1339,3,14.0,2,1
1340,3,15.0,0,0
1341,3,15.0,1,0
1342,3,15.0,2,1
1343,3,16.0,0,0
1344,3,16.0,1,1
1345,3,16.0,2,1
1346,3,17.0,0,0
1347,3,17.0,1,1
1348,3,17.0,2,1
1349,3,18.0,0,0
1350,3,18.0,1,0
1351,3,18.0,2,0
1352,3,19.0,0,0
1353,3,19.0,1,0
1354,3,19.0,2,0
1355,3,20.0,0,0
1356,3,20.0,1,0
1357,3,20.0,2,0
1358,3,21.0,0,0
1359,3,21.0,1,0
1360,3,21.0,2,1
1361,3,22.0,0,0
1362,3,22.0,1,1
1363,3,22.0,2,1
1364,3,23.0,0,0
1365,3,23.0,1,1
1366,3,23.0,2,1
1367,3,24.0,0,0
1368,3,24.0,1,0
1369,3,24.0,2,1
1370,3,25.0,0,0
1371,3,25.0,1,1
1372,3,25.0,2,1
1373,3,26.0,0,0
1374,3,26.0,1,1
1375,3,26.0,2,1
1376,3,27.0,0,0
1377,3,27.0,1,0
1378,3,27.0,2,0
1379,3,28.0,0,0
1380,3,28.0,1,0
1381,3,28.0,2,0
1382,3,29.0,0,0
1383,3,29.0,1,0
1384,3,29.0,2,0
1385,3,30.0,0,0
1386,3,30.0,1,0
1387,3,30.0,2,1
1388,3,31.0,0,0
1389,3,31.0,1,1
1390,3,31.0,2,1
1391,3,32.0,0,0
1392,3,32.0,1,1
1393,3,32.0,2,1
1394,3,33.0,0,0
1395,3,33.0,1,0
1396,3,33.0,2,1
1397,3,34.0,0,0
1398,3,34.0,1,1
1399,3,34.0,2,1
1400,3,35.0,0,0
1401,3,35.0,1,1
1402,3,35.0,2,1
1403,2,0.0,0,0
1404,2,0.0,1,0
1405,2,0.0,2,0
1406,2,1.0,0,0
1407,2,1.0,1,0
1408,2,1.0,2,0
1409,2,2.0,0,0
1410,2,2.0,1,0
1411,2,2.0,2,0
1412,2,3.0,0,0
1413,2,3.0,1,1
1414,2,3.0,2,1
1415,2,4.0,0,0
1416,2,4.0,1,1
1417,2,4.0,2,1
1418,2,5.0,0,0
1419,2,5.0,1,1
1420,2,5.0,2,3
1421,2,6.0,0,0
1422,2,6.0,1,0
1423,2,6.0,2,0
1424,2,7.0,0,0
1425,2,7.0,1,1
1426,2,7.0,2,1
1427,2,8.0,0,0
1428,2,8.0,1,1
1429,2,8.0,2,3
1430,2,9.0,0,0
1431,2,9.0,1,0
1432,2,9.0,2,0
1433,2,10.0,0,0
1434,2,10.0,1,0
1435,2,10.0,2,0
1436,2,11.0,0,0
1437,2,11.0,1,0
1438,2,11.0,2,0
1439,2,12.0,0,0
1440,2,12.0,1,1
1441,2,12.0,2,1
1442,2,13.0,0,0
1443,2,13.0,1,1
1444,2,13.0,2,1
1445,2,14.0,0,0
1446,2,14.0,1,1
1447,2,14.0,2,3
1448,2,15.0,0,0
1449,2,15.0,1,1
1450,2,15.0,2,1
1451,2,16.0,0,0
1452,2,16.0,1,1
1453,2,16.0,2,3
1454,2,17.0,0,0
1455,2,17.0,1,1
1456,2,17.0,2,3
1457,2,18.0,0,0
1458,2,18.0,1,0
1459,2,18.0,2,0
1460,2,19.0,0,0
1461,2,19.0,1,0
1462,2,19.0,2,0
1463,2,20.0,0,0
1464,2,20.0,1,0
1465,2,20.0,2,0
1466,2,21.0,0,0
1467,2,21.0,1,1
1468,2,21.0,2,1
1469,2,22.0,0,0
1470,2,22.0,1,1
1471,2,22.0,2,3
1472,2,23.0,0,0
1473,2,23.0,1,1
1474,2,23.0,2,3
1475,2,24.0,0,0
1476,2,24.0,1,1
1477,2,24.0,2,1
1478,2,25.0,0,0
1479,2,25.0,1,1
1480,2,25.0,2,3
1481,2,26.0,0,0
1482,2,26.0,1,1
1483,2,26.0,2,3
1484,2,27.0,0,0
1485,2,27.0,1,0
1486,2,27.0,2,0
1487,2,28.0,0,0
1488,2,28.0,1,0
1489,2,28.0,2,0
1490,2,29.0,0,0
1491,2,29.0,1,0
1492,2,29.0,2,0
1493,2,30.0,0,0
1494,2,30.0,1,1
1495,2,30.0,2,1
1496,2,31.0,0,0
1497,2,31.0,1,1
1498,2,31.0,2,3
1499,2,32.0,0,0
1500,2,32.0,1,1
1501,2,32.0,2,3
1502,2,33.0,0,0
1503,2,33.0,1,1
1504,2,33.0,2,1
1505,2,34.0,0,0
1506,2,34.0,1,1
1507,2,34.0,2,3
1508,2,35.0,0,0
1509,2,35.0,1,1
1510,2,35.0,2,3
1511,1,0.0,0,0
1512,1,0.0,1,0
1513,1,0.0,2,0
1514,1,1.0,0,0
1515,1,1.0,1,0
1516,1,1.0,2,0
1517,1,2.0,0,0
1518,1,2.0,1,0
1519,1,2.0,2,0
1520,1,3.0,0,0
1521,1,3.0,1,1
1522,1,3.0,2,2
1523,1,4.0,0,0
1524,1,4.0,1,1
1525,1,4.0,2,2
1526,1,5.0,0,0
1527,1,5.0,1,2
1528,1,5.0,2,3
1529,1,6.0,0,0
1530,1,6.0,1,0
1531,1,6.0,2,0
1532,1,7.0,0,0
1533,1,7.0,1,1
1534,1,7.0,2,2
1535,1,8.0,0,0
1536,1,8.0,1,2
1537,1,8.0,2,3
1538,1,9.0,0,0
1539,1,9.0,1,0
1540,1,9.0,2,0
1541,1,10.0,0,0
1542,1,10.0,1,0
1543,1,10.0,2,0
1544,1,11.0,0,0
1545,1,11.0,1,0
1546,1,11.0,2,0
1547,1,12.0,0,0
1548,1,12.0,1,1
1549,1,12.0,2,2
1550,1,13.0,0,0
1551,1,13.0,1,1
1552,1,13.0,2,2
1553,1,14.0,0,0
1554,1,14.0,1,2
1555,1,14.0,2,3
1556,1,15.0,0,0
1557,1,15.0,1,1
1558,1,15.0,2,2
1559,1,16.0,0,0
1560,1,16.0,1,2
1561,1,16.0,2,3
1562,1,17.0,0,0
1563,1,17.0,1,2
1564,1,17.0,2,3
1565,1,18.0,0,0
1566,1,18.0,1,0
1567,1,18.0,2,0
1568,1,19.0,0,0
1569,1,19.0,1,0
1570,1,19.0,2,0
1571,1,20.0,0,0
1572,1,20.0,1,0
1573,1,20.0,2,0
1574,1,21.0,0,0
1575,1,21.0,1,1
1576,1,21.0,2,2
1577,1,22.0,0,0
1578,1,22.0,1,2
1579,1,22.0,2,3
1580,1,23.0,0,0
1581,1,23.0,1,2
1582,1,23.0,2,3
1583,1,24.0,0,0
1584,1,24.0,1,1
1585,1,24.0,2,2
1586,1,25.0,0,0
1587,1,25.0,1,2
1588,1,25.0,2,3
1589,1,26.0,0,0
1590,1,26.0,1,2
1591,1,26.0,2,3
1592,1,27.0,0,0
1593,1,27.0,1,0
1594,1,27.0,2,0
1595,1,28.0,0,0
1596,1,28.0,1,0
1597,1,28.0,2,0
1598,1,29.0,0,0
1599,1,29.0,1,0
1600,1,29.0,2,0
1601,1,30.0,0,0
1602,1,30.0,1,1
1603,1,30.0,2,2
1604,1,31.0,0,0
1605,1,31.0,1,2
1606,1,31.0,2,3
1607,1,32.0,0,0
1608,1,32.0,1,2
1609,1,32.0,2,3
1610,1,33.0,0,0
1611,1,33.0,1,1
1612,1,33.0,2,2
1613,1,34.0,0,0
1614,1,34.0,1,2
1615,1,34.0,2,3
1616,1,35.0,0,0
1617,1,35.0,1,2
1618,1,35.0,2,3
1619,0,0.0,0,0
1620,0,0.0,1,0
1621,0,0.0,2,0
1622,0,1.0,0,0
1623,0,1.0,1,0
1624,0,1.0,2,0
1625,0,2.0,0,0
1626,0,2.0,1,0
1627,0,2.0,2,0
1628,0,3.0,0,0
1629,0,3.0,1,1
1630,0,3.0,2,2
1631,0,4.0,0,0
1632,0,4.0,1,1
1633,0,4.0,2,2
1634,0,5.0,0,0
1635,0,5.0,1,2
1636,0,5.0,2,3
1637,0,6.0,0,0
1638,0,6.0,1,0
1639,0,6.0,2,0
1640,0,7.0,0,0
1641,0,7.0,1,1
1642,0,7.0,2,2
1643,0,8.0,0,0
1644,0,8.0,1,2
1645,0,8.0,2,3
1646,0,9.0,0,0
1647,0,9.0,1,0
1648,0,9.0,2,0
1649,0,10.0,0,0
1650,0,10.0,1,0
1651,0,10.0,2,0
1652,0,11.0,0,0
1653,0,11.0,1,0
1654,0,11.0,2,0
1655,0,12.0,0,0
1656,0,12.0,1,1
1657,0,12.0,2,2
1658,0,13.0,0,0
1659,0,13.0,1,1
1660,0,13.0,2,2
1661,0,14.0,0,0
1662,0,14.0,1,2
1663,0,14.0,2,3
1664,0,15.0,0,0
1665,0,15.0,1,1
1666,0,15.0,2,2
1667,0,16.0,0,0
1668,0,16.0,1,2
1669,0,16.0,2,3
1670,0,17.0,0,0
1671,0,17.0,1,2
1672,0,17.0,2,3
1673,0,18.0,0,0
1674,0,18.0,1,0
1675,0,18.0,2,0
1676,0,19.0,0,0
1677,0,19.0,1,0
1678,0,19.0,2,0
1679,0,20.0,0,0
1680,0,20.0,1,0
1681,0,20.0,2,0
1682,0,21.0,0,0
1683,0,21.0,1,1
1684,0,21.0,2,2
1685,0,22.0,0,0
1686,0,22.0,1,2
1687,0,22.0,2,3
1688,0,23.0,0,0
1689,0,23.0,1,2
1690,0,23.0,2,3
1691,0,24.0,0,0
1692,0,24.0,1,1
1693,0,24.0,2,2
1694,0,25.0,0,0
1695,0,25.0,1,2
1696,0,25.0,2,3
1697,0,26.0,0,0
1698,0,26.0,1,2
1699,0,26.0,2,3
1700,0,27.0,0,0
1701,0,27.0,1,0
1702,0,27.0,2,0
1703,0,28.0,0,0
1704,0,28.0,1,0
1705,0,28.0,2,0
1706,0,29.0,0,0
1707,0,29.0,1,0
1708,0,29.0,2,0
1709,0,30.0,0,0
1710,0,30.0,1,1
1711,0,30.0,2,2
1712,0,31.0,0,0
1713,0,31.0,1,2
1714,0,31.0,2,3
1715,0,32.0,0,0
1716,0,32.0,1,2
1717,0,32.0,2,3
1718,0,33.0,0,0
1719,0,33.0,1,1
1720,0,33.0,2,2
1721,0,34.0,0,0
1722,0,34.0,1,2
1723,0,34.0,2,3
1724,0,35.0,0,0
1725,0,35.0,1,2
1726,0,35.0,2,3
